season,team,conference,pred,actual
2014,Air Force,Mountain West,-12.122559131173771,-1.4
2014,Akron,Mid-American,-14.407374989838397,-9.4
2014,Alabama,SEC,34.542632171866735,34.3
2014,App State,Sun Belt,-0.9887484476265622,-8.3
2014,Arizona,Big 12,10.240843944992944,7.6
2014,Arizona State,Big 12,14.081136199757646,13.5
2014,Arkansas,SEC,7.514124252777698,12.2
2014,Arkansas State,Sun Belt,-13.726646770416838,-0.3
2014,Army,American Athletic,-21.064809872822167,-16.9
2014,Auburn,SEC,24.63162343113817,24.2
2014,BYU,Big 12,6.132824532922026,10.2
2014,Ball State,Mid-American,-0.39227705170397353,-6.6
2014,Baylor,Big 12,15.981024952176409,23.9
2014,Boise State,Pac-12,6.0359725028125375,11.6
2014,Boston College,ACC,3.8996687448279728,4.9
2014,Bowling Green,Mid-American,-0.32774362367063237,-5.4
2014,Buffalo,Mid-American,-9.328119290491234,-7.7
2014,California,ACC,-0.2150056234422606,-0.6
2014,Central Michigan,Mid-American,-15.39642667424076,-5.2
2014,Cincinnati,Big 12,5.58389978448419,6.9
2014,Clemson,ACC,21.08452316298094,18.1
2014,Colorado,Big 12,-1.845572700607085,-5.0
2014,Colorado State,Pac-12,-1.7580207307230915,4.5
2014,Duke,ACC,1.3771487144968388,7.0
2014,East Carolina,American Athletic,2.4640453434711,8.5
2014,Eastern Michigan,Mid-American,-26.259157914449947,-25.9
2014,Florida,SEC,12.698429793543974,17.3
2014,Florida Atlantic,American Athletic,-11.780181724160018,-10.4
2014,Florida International,Conference USA,-24.27231737322118,-16.2
2014,Florida State,ACC,34.07752082684839,28.5
2014,Fresno State,Pac-12,1.6792362985552676,-6.9
2014,Georgia,SEC,24.994634558631454,27.6
2014,Georgia Southern,Sun Belt,-1.479310980538704,-2.4
2014,Georgia State,Sun Belt,-21.758124687927364,-22.8
2014,Georgia Tech,ACC,7.447171289504222,11.2
2014,Hawai'i,Mountain West,-10.113558172168853,-15.0
2014,Houston,Big 12,1.226162801042844,5.4
2014,Idaho,Big Sky,-25.04588697575753,-17.4
2014,Illinois,Big Ten,-1.4974766044837642,0.4
2014,Indiana,Big Ten,-0.0985834356549673,1.8
2014,Iowa,Big Ten,11.89636678614758,6.8
2014,Iowa State,Big 12,-1.8339873264335544,-7.9
2014,Kansas,Big 12,-5.966785398620008,-9.8
2014,Kansas State,Big 12,12.16958966347668,16.3
2014,Kent State,Mid-American,-12.451330111695412,-13.7
2014,Kentucky,SEC,2.309963484744386,6.6
2014,LSU,SEC,30.66480773652648,21.5
2014,Louisiana,Sun Belt,-10.601145154684051,2.2
2014,Louisiana Tech,Sun Belt,-10.864580061597616,-1.7
2014,Louisville,ACC,12.997974392206617,17.0
2014,Marshall,Sun Belt,3.7710902826221013,16.8
2014,Maryland,Big Ten,7.130914245385277,5.7
2014,Massachusetts,Mid-American,-26.78031545428209,-20.2
2014,Memphis,American Athletic,-6.297936859198069,5.6
2014,Miami,ACC,18.740848394488143,13.9
2014,Miami (OH),Mid-American,-21.89460882503936,-18.7
2014,Michigan,Big Ten,15.478984863531037,8.2
2014,Michigan State,Big Ten,17.14093198677621,24.1
2014,Middle Tennessee,Conference USA,-10.88703244859378,-8.7
2014,Minnesota,Big Ten,1.3453757687113013,6.8
2014,Mississippi State,SEC,9.485106252438804,22.2
2014,Missouri,SEC,14.784385383801286,19.3
2014,NC State,ACC,1.263076767587912,8.1
2014,Navy,American Athletic,-4.059787277998906,3.4
2014,Nebraska,Big Ten,12.412978283603637,13.1
2014,Nevada,Mountain West,-10.745881621730247,-7.3
2014,New Mexico,Mountain West,-13.616822923981196,-15.0
2014,New Mexico State,Conference USA,-23.392587049505412,-23.3
2014,North Carolina,ACC,12.066377354221434,0.0
2014,North Texas,American Athletic,-4.144571575297423,-9.4
2014,Northern Illinois,Mountain West,0.7603900163039928,-0.6
2014,Northwestern,Big Ten,3.6746117880390976,1.5
2014,Notre Dame,FBS Independents,19.14656529654622,10.8
2014,Ohio,Mid-American,-8.45794544097264,-11.7
2014,Ohio State,Big Ten,28.40684651939566,25.8
2014,Oklahoma,SEC,22.46713877988328,19.2
2014,Oklahoma State,Big 12,18.789647908067288,8.6
2014,Old Dominion,Sun Belt,-0.26173477385076893,-12.7
2014,Ole Miss,SEC,12.105874798361802,20.7
2014,Oregon,Big Ten,24.883380019344823,24.7
2014,Oregon State,Pac-12,5.464902711642786,3.2
2014,Penn State,Big Ten,8.365608666730111,9.2
2014,Pittsburgh,ACC,7.734739923799792,14.1
2014,Purdue,Big Ten,-8.21990971346202,-6.2
2014,Rice,American Athletic,-4.17743914671537,-3.1
2014,Rutgers,Big Ten,-2.4439370289398377,-1.5
2014,SMU,ACC,-9.41850567687597,-21.2
2014,San Diego State,Pac-12,-3.5037495594852186,1.0
2014,San José State,Mountain West,-6.438290129320892,-11.5
2014,South Alabama,Sun Belt,-9.059174686618924,-4.3
2014,South Carolina,SEC,19.125136163904752,17.4
2014,South Florida,American Athletic,-5.3384383868596785,-11.8
2014,Southern Miss,Sun Belt,-12.761020724048706,-15.9
2014,Stanford,ACC,21.522190147037392,21.4
2014,Syracuse,ACC,0.3667682088340073,-2.1
2014,TCU,Big 12,10.054747244055557,23.3
2014,Temple,American Athletic,-5.348687784590357,-4.7
2014,Tennessee,SEC,11.835926812666969,12.2
2014,Texas,SEC,13.579483866364805,9.0
2014,Texas A&M,SEC,22.320080611410177,20.2
2014,Texas State,Pac-12,-10.355617920916531,-7.4
2014,Texas Tech,Big 12,10.058839478098543,4.9
2014,Toledo,Mid-American,0.9556504006400611,2.3
2014,Troy,Sun Belt,-14.69645022849687,-15.9
2014,Tulane,American Athletic,-8.467705561747369,-15.0
2014,Tulsa,American Athletic,-11.358664382239612,-15.8
2014,UAB,American Athletic,-18.879600267142767,-4.2
2014,UCF,Big 12,7.036034567150788,5.7
2014,UCLA,Big Ten,17.68989026446981,17.7
2014,UConn,FBS Independents,-12.816306623018706,-14.1
2014,UL Monroe,Sun Belt,-19.121741022085057,-10.0
2014,UNLV,Mountain West,-11.35605868931097,-17.6
2014,USC,Big Ten,22.405373528095843,17.1
2014,UTEP,Mountain West,-18.951018962407304,-12.0
2014,UTSA,American Athletic,-7.666013149172597,-3.4
2014,Utah,Big 12,7.217485007679569,8.8
2014,Utah State,Pac-12,-1.4423645484296497,6.0
2014,Vanderbilt,SEC,4.114337192356448,-4.3
2014,Virginia,ACC,1.47362462556796,4.0
2014,Virginia Tech,ACC,13.669813614033869,7.8
2014,Wake Forest,ACC,-4.332818575446746,-7.8
2014,Washington,Big Ten,12.81892829470455,7.8
2014,Washington State,Pac-12,4.832722534781393,-1.7
2014,West Virginia,Big 12,3.698469788333601,8.4
2014,Western Kentucky,Conference USA,-7.944418032494122,-2.6
2014,Western Michigan,Mid-American,-13.842156065864087,-0.8
2014,Wisconsin,Big Ten,15.31200755578235,20.8
2014,Wyoming,Mountain West,-15.878324224067393,-14.0
2015,Air Force,Mountain West,-2.5403424072219027,4.7
2015,Akron,Mid-American,-11.924204019707727,-0.8
2015,Alabama,SEC,30.765172536694983,29.0
2015,App State,Sun Belt,-3.354600076386412,7.9
2015,Arizona,Big 12,9.388888116811504,4.7
2015,Arizona State,Big 12,14.024830441833062,10.2
2015,Arkansas,SEC,15.912703538723001,19.2
2015,Arkansas State,Sun Belt,2.9879665533986612,0.5
2015,Army,American Athletic,-14.55432371085068,-21.7
2015,Auburn,SEC,17.414190806511996,14.6
2015,BYU,Big 12,6.785476760239861,8.7
2015,Ball State,Mid-American,-4.59660568427987,-15.5
2015,Baylor,Big 12,16.93236605872176,19.5
2015,Boise State,Pac-12,5.986268841075894,11.8
2015,Boston College,ACC,0.29443134061213416,4.7
2015,Bowling Green,Mid-American,-1.7836336117507279,7.5
2015,Buffalo,Mid-American,-7.539817668119811,-10.3
2015,California,ACC,7.277877562064985,12.1
2015,Central Michigan,Mid-American,-8.826943199063011,-3.1
2015,Charlotte,American Athletic,-2.582436302243899,-21.7
2015,Cincinnati,Big 12,8.595847056644244,5.3
2015,Clemson,ACC,23.20256971056897,24.0
2015,Colorado,Big 12,-3.0505064024326907,-4.0
2015,Colorado State,Pac-12,-3.4828848556176237,0.5
2015,Duke,ACC,0.48823169957973755,3.4
2015,East Carolina,American Athletic,-2.4446403960873213,-0.5
2015,Eastern Michigan,Mid-American,-19.96797234381251,-19.7
2015,Florida,SEC,15.350975027748218,13.8
2015,Florida Atlantic,American Athletic,-9.341328067141735,-9.8
2015,Florida International,Conference USA,-9.782745649064331,-16.6
2015,Florida State,ACC,26.979001549485307,23.2
2015,Fresno State,Pac-12,-5.500669353559013,-12.6
2015,Georgia,SEC,26.207008888691725,16.8
2015,Georgia Southern,Sun Belt,-2.9720718753066024,7.3
2015,Georgia State,Sun Belt,-14.742872709599848,-6.7
2015,Georgia Tech,ACC,4.242055000487298,9.0
2015,Hawai'i,Mountain West,-11.012244461612434,-16.3
2015,Houston,Big 12,-2.1658960982516966,6.2
2015,Idaho,Big Sky,-17.50607990376727,-12.2
2015,Illinois,Big Ten,-0.9117026169737916,2.7
2015,Indiana,Big Ten,-0.9324674584162103,0.4
2015,Iowa,Big Ten,2.0647874518611946,9.3
2015,Iowa State,Big 12,-3.008176102038982,-0.3
2015,Kansas,Big 12,-12.400349013135456,-21.3
2015,Kansas State,Big 12,6.180499625121961,2.6
2015,Kent State,Mid-American,-10.24756150945842,-11.9
2015,Kentucky,SEC,6.074215114793008,-0.3
2015,LSU,SEC,26.64233123967164,19.7
2015,Louisiana,Sun Belt,-0.08685139835817335,-7.1
2015,Louisiana Tech,Sun Belt,-0.8325002495479459,8.3
2015,Louisville,ACC,11.185011515660486,13.2
2015,Marshall,Sun Belt,5.861528703823378,3.5
2015,Maryland,Big Ten,0.5285793996823588,-1.6
2015,Massachusetts,Mid-American,-13.541361032438898,-9.5
2015,Memphis,American Athletic,2.867810644807321,8.0
2015,Miami,ACC,13.879825478170037,11.0
2015,Miami (OH),Mid-American,-13.192720320834969,-13.5
2015,Michigan,Big Ten,8.951819774382933,19.7
2015,Michigan State,Big Ten,17.867669420554638,15.6
2015,Middle Tennessee,Conference USA,-5.780517890461155,-4.6
2015,Minnesota,Big Ten,-0.9739890385014278,8.1
2015,Mississippi State,SEC,18.897197118234065,15.1
2015,Missouri,SEC,11.708719268020522,3.4
2015,NC State,ACC,9.060259501004905,9.6
2015,Navy,American Athletic,-0.18720492379338438,12.1
2015,Nebraska,Big Ten,12.553149620242094,11.1
2015,Nevada,Mountain West,-5.203042245473174,-7.1
2015,New Mexico,Mountain West,-10.932943789448315,-8.7
2015,New Mexico State,Conference USA,-17.52015153897643,-18.6
2015,North Carolina,ACC,9.093954825229735,20.0
2015,North Texas,American Athletic,-6.251167383783423,-25.0
2015,Northern Illinois,Mountain West,0.521301502797971,-0.9
2015,Northwestern,Big Ten,1.0484069444857567,0.2
2015,Notre Dame,FBS Independents,18.44440534373179,22.4
2015,Ohio,Mid-American,-6.139388546179122,-0.5
2015,Ohio State,Big Ten,29.72028742438565,29.5
2015,Oklahoma,SEC,23.68979438078845,22.7
2015,Oklahoma State,Big 12,10.975830422709251,9.9
2015,Old Dominion,Sun Belt,-10.580866955464359,-14.8
2015,Ole Miss,SEC,18.92041040162792,27.0
2015,Oregon,Big Ten,24.02338872765145,15.9
2015,Oregon State,Pac-12,-0.10980475998196892,-10.1
2015,Penn State,Big Ten,14.979828852271593,11.3
2015,Pittsburgh,ACC,9.877630872437875,11.1
2015,Purdue,Big Ten,-3.6602050916975153,-7.4
2015,Rice,American Athletic,-3.470718246022018,-14.6
2015,Rutgers,Big Ten,1.734451406181727,-10.1
2015,SMU,ACC,-14.17290238466131,-17.5
2015,San Diego State,Pac-12,1.1255862467343363,8.0
2015,San José State,Mountain West,-2.4343757948784726,-4.5
2015,South Alabama,Sun Belt,-8.878126110361608,-10.4
2015,South Carolina,SEC,11.705111037701627,3.4
2015,South Florida,American Athletic,-6.461186407428475,3.6
2015,Southern Miss,Sun Belt,-10.102276476705114,1.4
2015,Stanford,ACC,20.12279826200846,22.8
2015,Syracuse,ACC,-0.26985927915575303,-3.9
2015,TCU,Big 12,18.88464519933669,19.0
2015,Temple,American Athletic,-4.679761198610727,6.0
2015,Tennessee,SEC,18.959507940381346,19.5
2015,Texas,SEC,14.704401291380474,3.7
2015,Texas A&M,SEC,24.39732474043745,14.1
2015,Texas State,Pac-12,-5.07442724962163,-15.5
2015,Texas Tech,Big 12,9.675953557120746,4.5
2015,Toledo,Mid-American,2.152284012116663,7.7
2015,Troy,Sun Belt,-12.248050190843026,-7.0
2015,Tulane,American Athletic,-11.952048845393978,-14.0
2015,Tulsa,American Athletic,-7.924217930923284,-8.5
2015,UCF,Big 12,1.2746434502796633,-15.5
2015,UCLA,Big Ten,20.23654816000028,18.6
2015,UConn,FBS Independents,-11.011993285214624,-6.3
2015,UL Monroe,Sun Belt,-9.715270188677282,-14.7
2015,UNLV,Mountain West,-15.454849532131288,-16.2
2015,USC,Big Ten,19.325870187897955,16.8
2015,UTEP,Mountain West,-14.858685962114457,-19.5
2015,UTSA,American Athletic,-7.769444496281471,-17.7
2015,Utah,Big 12,7.463539623354251,11.0
2015,Utah State,Pac-12,1.5830586484295948,-0.1
2015,Vanderbilt,SEC,2.5654411175138323,-1.6
2015,Virginia,ACC,2.388699742696506,1.4
2015,Virginia Tech,ACC,13.06450707879879,11.4
2015,Wake Forest,ACC,-5.100001291454097,-4.5
2015,Washington,Big Ten,9.909568524148332,9.7
2015,Washington State,Pac-12,-2.04458990573913,4.2
2015,West Virginia,Big 12,6.229082879001149,12.9
2015,Western Kentucky,Conference USA,-1.921218196234165,10.8
2015,Western Michigan,Mid-American,2.8054366714357575,4.9
2015,Wisconsin,Big Ten,13.057440496832946,15.1
2015,Wyoming,Mountain West,-11.50142316051986,-16.7
2016,Air Force,Mountain West,-3.7749987158176643,4.4
2016,Akron,Mid-American,-6.074627492394894,-5.6
2016,Alabama,SEC,29.44266976516236,31.7
2016,App State,Sun Belt,3.4444949879478868,9.2
2016,Arizona,Big 12,3.926999760945439,-4.5
2016,Arizona State,Big 12,9.229455739628985,-3.0
2016,Arkansas,SEC,12.791962929469749,7.9
2016,Arkansas State,Sun Belt,-6.246193774744425,-1.2
2016,Army,American Athletic,-15.682704672661039,-9.9
2016,Auburn,SEC,16.940071225611334,15.3
2016,BYU,Big 12,4.433222444471607,8.0
2016,Ball State,Mid-American,-7.801568365109045,-7.0
2016,Baylor,Big 12,11.392952032035746,11.3
2016,Boise State,Pac-12,9.718762222057977,11.5
2016,Boston College,ACC,5.013959099557894,-1.6
2016,Bowling Green,Mid-American,-2.2590936962134203,-6.6
2016,Buffalo,Mid-American,-12.96100079580691,-18.8
2016,California,ACC,3.0645264714207983,2.4
2016,Central Michigan,Mid-American,-3.067000346770653,-6.1
2016,Charlotte,American Athletic,-12.87730256153331,-20.9
2016,Cincinnati,Big 12,0.7497337164397297,-3.6
2016,Clemson,ACC,28.0110325529641,28.7
2016,Colorado,Big 12,-1.6315082778267045,6.3
2016,Colorado State,Pac-12,-2.3625360978786643,0.8
2016,Duke,ACC,5.3452680052193,-2.8
2016,East Carolina,American Athletic,-4.004123906221711,-9.0
2016,Eastern Michigan,Mid-American,-18.64806377603843,-8.2
2016,Florida,SEC,12.397689895369917,15.4
2016,Florida Atlantic,American Athletic,-8.81125113633007,-14.1
2016,Florida International,Conference USA,-13.83139886794035,-19.0
2016,Florida State,ACC,30.519409980671657,24.0
2016,Fresno State,Pac-12,-8.824080442023662,-16.9
2016,Georgia,SEC,20.600451706305698,9.3
2016,Georgia Southern,Sun Belt,5.049908194036464,-3.9
2016,Georgia State,Sun Belt,-12.199633350304257,-12.1
2016,Georgia Tech,ACC,9.01787369636656,7.8
2016,Hawai'i,Mountain West,-12.303571734931445,-10.1
2016,Houston,Big 12,3.8394743672032328,10.1
2016,Idaho,Big Sky,-13.174396933776192,-8.6
2016,Illinois,Big Ten,-0.9343045027029073,-6.7
2016,Indiana,Big Ten,-1.1486527942407325,4.6
2016,Iowa,Big Ten,9.917963568259536,10.3
2016,Iowa State,Big 12,-2.6876212576219323,0.7
2016,Kansas,Big 12,-11.32321312910416,-15.9
2016,Kansas State,Big 12,3.6510014982091907,8.2
2016,Kent State,Mid-American,-8.17588769663386,-12.0
2016,Kentucky,SEC,5.794437733461979,-2.6
2016,LSU,SEC,29.029903839772395,25.3
2016,Louisiana,Sun Belt,-7.912035761469783,-8.7
2016,Louisiana Tech,Sun Belt,-1.3341355946780258,3.1
2016,Louisville,ACC,17.196480602278534,22.9
2016,Marshall,Sun Belt,3.2927292598394646,-12.7
2016,Maryland,Big Ten,3.2614703733818633,-0.6
2016,Massachusetts,Mid-American,-16.92126211081128,-15.3
2016,Memphis,American Athletic,-0.25208355759972134,7.7
2016,Miami,ACC,14.391386473899923,18.6
2016,Miami (OH),Mid-American,-7.757181471071123,-6.1
2016,Michigan,Big Ten,21.732781891243146,24.4
2016,Michigan State,Big Ten,13.921580534069136,7.4
2016,Middle Tennessee,Conference USA,-4.0657639867450595,-1.9
2016,Minnesota,Big Ten,9.82804662053202,12.6
2016,Mississippi State,SEC,10.477172711947963,5.4
2016,Missouri,SEC,4.637899716661358,-1.0
2016,NC State,ACC,6.678006028997332,9.4
2016,Navy,American Athletic,1.6327983704133855,6.8
2016,Nebraska,Big Ten,14.895623261647279,10.3
2016,Nevada,Mountain West,-4.1916079480507555,-13.0
2016,New Mexico,Mountain West,-6.001249410833788,-5.1
2016,New Mexico State,Conference USA,-20.017793036312852,-17.2
2016,North Carolina,ACC,15.676481630060138,15.9
2016,North Texas,American Athletic,-23.58564564107201,-14.6
2016,Northern Illinois,Mountain West,0.4458233394266504,-2.4
2016,Northwestern,Big Ten,3.351543581160742,2.9
2016,Notre Dame,FBS Independents,21.651385785314307,15.7
2016,Ohio,Mid-American,-3.7845194802022912,-2.1
2016,Ohio State,Big Ten,24.85299851751942,22.4
2016,Oklahoma,SEC,22.83734798222863,26.1
2016,Oklahoma State,Big 12,11.10292727038095,16.4
2016,Old Dominion,Sun Belt,-6.373369057848512,-0.7
2016,Ole Miss,SEC,25.022736888524875,12.4
2016,Oregon,Big Ten,16.788125947604666,6.1
2016,Oregon State,Pac-12,-2.2648574741394216,-4.6
2016,Penn State,Big Ten,14.353029019850919,19.0
2016,Pittsburgh,ACC,9.6890816474663,13.1
2016,Purdue,Big Ten,-5.401655915683177,-11.0
2016,Rice,American Athletic,-11.015791334741497,-16.5
2016,Rutgers,Big Ten,-6.344538358462307,-14.9
2016,SMU,ACC,-7.7440104156297345,-10.8
2016,San Diego State,Pac-12,2.8537496984462747,11.4
2016,San José State,Mountain West,-4.732952728277974,-13.6
2016,South Alabama,Sun Belt,-9.412316752272666,-9.4
2016,South Carolina,SEC,4.66641651098338,-4.0
2016,South Florida,American Athletic,4.398995020883636,9.8
2016,Southern Miss,Sun Belt,-7.621912425133473,0.7
2016,Stanford,ACC,20.263494920136203,16.4
2016,Syracuse,ACC,-0.08516826131251065,-2.7
2016,TCU,Big 12,12.436864373361871,11.0
2016,Temple,American Athletic,2.9366279840573197,11.9
2016,Tennessee,SEC,20.798484699275672,16.3
2016,Texas,SEC,14.352646902415797,10.6
2016,Texas A&M,SEC,16.74013273753627,12.0
2016,Texas State,Pac-12,-18.895053150834283,-25.5
2016,Texas Tech,Big 12,6.956836919303978,3.7
2016,Toledo,Mid-American,1.233028615270297,12.3
2016,Troy,Sun Belt,-8.994637339062292,1.1
2016,Tulane,American Athletic,-13.552588511155557,-14.6
2016,Tulsa,American Athletic,-8.496061647727638,7.4
2016,UCF,Big 12,-5.3181504318651935,-2.2
2016,UCLA,Big Ten,18.554369223842727,9.1
2016,UConn,FBS Independents,-2.320147685842033,-11.6
2016,UL Monroe,Sun Belt,-15.263074601440827,-21.3
2016,UNLV,Mountain West,-9.80126794217782,-14.3
2016,USC,Big Ten,22.738205351078147,23.6
2016,UTEP,Mountain West,-13.387837370254216,-16.1
2016,UTSA,American Athletic,-13.879494003430914,-11.2
2016,Utah,Big 12,6.560058806012501,10.9
2016,Utah State,Pac-12,-1.8474993364103405,-4.4
2016,Vanderbilt,SEC,1.4384702707947894,-1.2
2016,Virginia,ACC,-0.11359144200048976,-3.8
2016,Virginia Tech,ACC,9.571525897639575,15.2
2016,Wake Forest,ACC,0.6706174997686236,-0.6
2016,Washington,Big Ten,11.969474083708965,26.7
2016,Washington State,Pac-12,6.447986260570545,6.2
2016,West Virginia,Big 12,10.695972536493567,11.3
2016,Western Kentucky,Conference USA,1.787456391176233,15.5
2016,Western Michigan,Mid-American,0.6475844752504575,11.5
2016,Wisconsin,Big Ten,10.90245980032532,16.1
2016,Wyoming,Mountain West,-10.177108970909378,-6.9
2017,Air Force,Mountain West,-2.14336668858968,-11.0
2017,Akron,Mid-American,-10.99120250299854,-17.6
2017,Alabama,SEC,34.274220703047625,33.5
2017,App State,Sun Belt,2.4299909525302485,3.8
2017,Arizona,Big 12,-0.26421325660304595,3.7
2017,Arizona State,Big 12,5.697569951345756,1.0
2017,Arkansas,SEC,7.688673023822651,2.1
2017,Arkansas State,Sun Belt,-1.9073051826488128,1.5
2017,Army,American Athletic,-9.78967575167436,-5.3
2017,Auburn,SEC,18.674379383367874,24.7
2017,BYU,Big 12,3.1791333193870503,-7.4
2017,Ball State,Mid-American,-7.986611307475065,-19.7
2017,Baylor,Big 12,6.647096483804908,-1.4
2017,Boise State,Pac-12,5.397854365695345,9.1
2017,Boston College,ACC,0.8501150752155192,4.6
2017,Bowling Green,Mid-American,-5.830025752387046,-10.0
2017,Buffalo,Mid-American,-17.15803626264366,-11.2
2017,California,ACC,-3.476230995812439,-1.0
2017,Central Michigan,Mid-American,-5.58256968123736,-8.6
2017,Charlotte,American Athletic,-17.839900866684644,-26.1
2017,Cincinnati,Big 12,-4.371813106770152,-6.4
2017,Clemson,ACC,20.973789853515,26.4
2017,Colorado,Big 12,9.09328333181096,2.0
2017,Colorado State,Pac-12,3.281937867993318,3.9
2017,Duke,ACC,2.7932727430899966,6.1
2017,East Carolina,American Athletic,-6.4930597855983665,-14.0
2017,Eastern Michigan,Mid-American,-8.272978409249093,-5.3
2017,Florida,SEC,18.61085054067268,10.1
2017,Florida Atlantic,American Athletic,-5.671218600760288,5.1
2017,Florida International,Conference USA,-13.664262910212818,-10.4
2017,Florida State,ACC,25.441771033535765,22.8
2017,Fresno State,Pac-12,-13.42019034247977,-2.7
2017,Georgia,SEC,22.710874995258354,26.7
2017,Georgia Southern,Sun Belt,-13.077919588942084,-15.8
2017,Georgia State,Sun Belt,-11.50410141325526,-14.0
2017,Georgia Tech,ACC,6.294210719611857,8.9
2017,Hawai'i,Mountain West,-9.24563178042735,-19.7
2017,Houston,Big 12,4.5281298636117775,7.7
2017,Idaho,Big Sky,-11.257233247397895,-12.4
2017,Illinois,Big Ten,-3.0466055187963184,-7.4
2017,Indiana,Big Ten,1.6645583077280661,10.2
2017,Iowa,Big Ten,4.618677363944215,9.8
2017,Iowa State,Big 12,3.354302419065492,7.5
2017,Kansas,Big 12,-11.315518935511383,-14.8
2017,Kansas State,Big 12,8.016450086321838,10.9
2017,Kent State,Mid-American,-9.482596148973098,-20.2
2017,Kentucky,SEC,3.7782558061710407,2.7
2017,LSU,SEC,22.133966510789026,21.1
2017,Louisiana,Sun Belt,-12.941335712861992,-15.8
2017,Louisiana Tech,Sun Belt,-5.813766550959747,-5.5
2017,Louisville,ACC,15.457914271004224,19.2
2017,Marshall,Sun Belt,-9.44506898903478,-4.5
2017,Maryland,Big Ten,3.1034525157888364,-4.5
2017,Massachusetts,Mid-American,-11.453281630558797,-9.7
2017,Memphis,American Athletic,9.218586656717678,7.8
2017,Miami,ACC,14.538157081477179,17.4
2017,Miami (OH),Mid-American,-4.270930013906221,-2.2
2017,Michigan,Big Ten,23.04946426097455,19.6
2017,Michigan State,Big Ten,4.852078001303539,13.8
2017,Middle Tennessee,Conference USA,-3.871330774261552,-4.9
2017,Minnesota,Big Ten,3.5482370926531974,0.4
2017,Mississippi State,SEC,8.179823297997062,16.0
2017,Missouri,SEC,5.419460217351713,11.1
2017,NC State,ACC,8.18208888968849,12.9
2017,Navy,American Athletic,-0.7010025454594946,-0.7
2017,Nebraska,Big Ten,7.423009735246856,2.5
2017,Nevada,Mountain West,-14.145769240692422,-16.4
2017,New Mexico,Mountain West,-7.322870762171873,-12.4
2017,New Mexico State,Conference USA,-12.904126512350851,-9.4
2017,North Carolina,ACC,6.325272137345192,4.3
2017,North Texas,American Athletic,-14.457674480245322,-4.5
2017,Northern Illinois,Mountain West,-6.4885522465989505,-1.4
2017,Northwestern,Big Ten,3.5329769853127706,11.2
2017,Notre Dame,FBS Independents,15.386796272027413,20.8
2017,Ohio,Mid-American,-7.966837094684821,3.3
2017,Ohio State,Big Ten,27.548869149303137,30.9
2017,Oklahoma,SEC,21.11889294626566,25.5
2017,Oklahoma State,Big 12,13.250171024640274,19.1
2017,Old Dominion,Sun Belt,-4.8917657713399025,-16.8
2017,Ole Miss,SEC,7.340765041804194,11.6
2017,Oregon,Big Ten,7.339411775066698,9.1
2017,Oregon State,Pac-12,0.16742747372124822,-12.6
2017,Penn State,Big Ten,21.742726362816416,26.0
2017,Pittsburgh,ACC,9.01140349147437,6.0
2017,Purdue,Big Ten,-9.296076315565017,5.8
2017,Rice,American Athletic,-16.518982856010965,-23.6
2017,Rutgers,Big Ten,-8.413302008282093,-5.5
2017,SMU,ACC,-5.539045066237948,-2.9
2017,San Diego State,Pac-12,5.712029977842235,4.5
2017,San José State,Mountain West,-16.362869105457484,-20.0
2017,South Alabama,Sun Belt,-9.628453104779329,-12.0
2017,South Carolina,SEC,7.501567820757355,7.8
2017,South Florida,American Athletic,3.808898143522086,10.2
2017,Southern Miss,Sun Belt,-2.2870665205866674,-3.4
2017,Stanford,ACC,19.157877017891646,15.8
2017,Syracuse,ACC,-0.6505187437267976,4.0
2017,TCU,Big 12,15.013480695528658,18.9
2017,Temple,American Athletic,0.09910783768587139,0.5
2017,Tennessee,SEC,9.97393602840451,1.2
2017,Texas,SEC,10.519035336269178,10.6
2017,Texas A&M,SEC,10.36875827253868,9.4
2017,Texas State,Pac-12,-18.781952461583742,-23.5
2017,Texas Tech,Big 12,1.1230391098747419,4.8
2017,Toledo,Mid-American,3.108275385645121,6.6
2017,Troy,Sun Belt,1.1621389095065573,1.6
2017,Tulane,American Athletic,-9.303309776256443,-5.7
2017,Tulsa,American Athletic,-1.9328243932381162,-10.7
2017,UCF,Big 12,3.128714045488069,14.1
2017,UCLA,Big Ten,11.191366661952129,4.9
2017,UConn,FBS Independents,-12.430113361013825,-19.2
2017,UL Monroe,Sun Belt,-13.456237607104034,-12.9
2017,UNLV,Mountain West,-10.842097711005485,-14.5
2017,USC,Big Ten,24.101911774518445,17.9
2017,UTEP,Mountain West,-16.029833324458433,-27.4
2017,UTSA,American Athletic,-6.7931397678407235,-2.5
2017,Utah,Big 12,9.144995822578258,12.0
2017,Utah State,Pac-12,-5.447875377661059,-3.3
2017,Vanderbilt,SEC,3.386071114306713,0.6
2017,Virginia,ACC,-1.9060851517262545,0.8
2017,Virginia Tech,ACC,9.234753818774312,14.3
2017,Wake Forest,ACC,3.405243421726269,10.5
2017,Washington,Big Ten,22.841662632649943,22.1
2017,Washington State,Pac-12,6.215816599997893,8.6
2017,West Virginia,Big 12,3.3455429600251945,5.6
2017,Western Kentucky,Conference USA,-0.12794133148176612,-4.9
2017,Western Michigan,Mid-American,-2.13704765078384,-2.4
2017,Wisconsin,Big Ten,12.456306791249771,26.8
2017,Wyoming,Mountain West,-10.49346327177822,-2.5
2018,Air Force,Mountain West,-2.427587232199264,-1.8
2018,Akron,Mid-American,-14.141156246369874,-19.3
2018,Alabama,SEC,32.49566439066491,36.3
2018,App State,Sun Belt,-3.15879236576726,11.9
2018,Arizona,Big 12,2.3778014892732235,3.6
2018,Arizona State,Big 12,6.219081702166283,5.0
2018,Arkansas,SEC,4.621281566167856,4.5
2018,Arkansas State,Sun Belt,0.7836182522548472,1.2
2018,Army,American Athletic,-2.7967617624914194,-1.5
2018,Auburn,SEC,24.59810525013861,23.6
2018,BYU,Big 12,-0.38967123674414705,6.2
2018,Ball State,Mid-American,-10.52248350830461,-18.9
2018,Baylor,Big 12,6.392537152516216,2.0
2018,Boise State,Pac-12,7.203302449698712,12.2
2018,Boston College,ACC,5.20210867661171,2.4
2018,Bowling Green,Mid-American,-7.814815583361611,-22.0
2018,Buffalo,Mid-American,-6.349199970655231,-1.1
2018,California,ACC,5.754577046457852,3.9
2018,Central Michigan,Mid-American,-10.51326569389972,-20.0
2018,Charlotte,American Athletic,-13.592670217576998,-18.5
2018,Cincinnati,Big 12,0.884748544806814,5.4
2018,Clemson,ACC,28.691660712698834,29.7
2018,Coastal Carolina,Sun Belt,-2.403844039248903,-17.2
2018,Colorado,Big 12,-0.131134881864867,-0.7
2018,Colorado State,Pac-12,-2.204978549094257,-10.3
2018,Duke,ACC,8.371123522369842,5.0
2018,East Carolina,American Athletic,-14.969074225931552,-14.9
2018,Eastern Michigan,Mid-American,-9.426247955634885,-2.0
2018,Florida,SEC,13.702940122530999,23.0
2018,Florida Atlantic,American Athletic,3.408794240861183,-0.8
2018,Florida International,Conference USA,-5.769825563271214,-7.4
2018,Florida State,ACC,21.514300842876793,1.4
2018,Fresno State,Pac-12,2.5721158040549326,17.4
2018,Georgia,SEC,30.23285466906517,32.9
2018,Georgia Southern,Sun Belt,-9.35965332520808,-2.4
2018,Georgia State,Sun Belt,-8.320002249413246,-20.4
2018,Georgia Tech,ACC,7.148891544164985,0.3
2018,Hawai'i,Mountain West,-17.169428607600402,-10.4
2018,Houston,Big 12,0.6109508185867665,2.3
2018,Illinois,Big Ten,-2.815852542011319,-7.9
2018,Indiana,Big Ten,3.93875513614316,1.6
2018,Iowa,Big Ten,9.336466960343625,13.3
2018,Iowa State,Big 12,5.031849251561098,7.9
2018,Kansas,Big 12,-6.49961285468463,-10.0
2018,Kansas State,Big 12,8.135927430211389,-0.5
2018,Kent State,Mid-American,-13.054596667430328,-20.4
2018,Kentucky,SEC,2.5947647553938147,13.1
2018,LSU,SEC,15.19470839808017,24.2
2018,Liberty,Conference USA,-2.87139274819749,-19.7
2018,Louisiana,Sun Belt,-9.13245583277432,-6.9
2018,Louisiana Tech,Sun Belt,1.4092381514081733,-6.9
2018,Louisville,ACC,10.520962081818805,-9.1
2018,Marshall,Sun Belt,-0.624618159110446,1.0
2018,Maryland,Big Ten,-0.0424662592620666,3.0
2018,Massachusetts,Mid-American,-4.443804930663836,-16.1
2018,Memphis,American Athletic,1.9774602811420032,9.2
2018,Miami,ACC,20.406628544247205,12.7
2018,Miami (OH),Mid-American,-4.761148880443825,-0.7
2018,Michigan,Big Ten,19.01247451192959,22.0
2018,Michigan State,Big Ten,15.330312814367359,11.5
2018,Middle Tennessee,Conference USA,-1.3935309816735648,-3.8
2018,Minnesota,Big Ten,3.4690470022689013,6.3
2018,Mississippi State,SEC,16.071865518574484,23.2
2018,Missouri,SEC,9.201945700970445,20.8
2018,NC State,ACC,13.753483668522346,9.4
2018,Navy,American Athletic,-2.4107581004347387,-10.2
2018,Nebraska,Big Ten,4.5089637481718565,5.4
2018,Nevada,Mountain West,-5.541692508996332,-0.5
2018,New Mexico,Mountain West,-8.513122317503413,-9.5
2018,New Mexico State,Conference USA,-12.23125864699574,-20.2
2018,North Carolina,ACC,10.537666069331502,-2.5
2018,North Texas,American Athletic,-2.2797249555849395,2.1
2018,Northern Illinois,Mountain West,-0.4592222034925397,-2.7
2018,Northwestern,Big Ten,6.4615755877584355,1.9
2018,Notre Dame,FBS Independents,23.21860251791525,20.7
2018,Ohio,Mid-American,0.840078135724427,4.0
2018,Ohio State,Big Ten,30.42000311530721,24.1
2018,Oklahoma,SEC,24.185326750805913,24.9
2018,Oklahoma State,Big 12,11.402678801241931,13.8
2018,Old Dominion,Sun Belt,-11.525845304389932,-14.1
2018,Ole Miss,SEC,12.089496247326853,9.8
2018,Oregon,Big Ten,12.530852696343418,7.3
2018,Oregon State,Pac-12,-11.665170453356978,-16.0
2018,Penn State,Big Ten,24.877652224197654,19.0
2018,Pittsburgh,ACC,4.109142608194643,2.7
2018,Purdue,Big Ten,6.374437304600663,6.5
2018,Rice,American Athletic,-16.71990210845901,-26.4
2018,Rutgers,Big Ten,-5.284637901791701,-12.3
2018,SMU,ACC,-6.224769585145297,-5.4
2018,San Diego State,Pac-12,2.8691892785264574,6.0
2018,San José State,Mountain West,-6.041267327718084,-17.1
2018,South Alabama,Sun Belt,-9.460188511157261,-17.7
2018,South Carolina,SEC,15.717722389910513,14.9
2018,South Florida,American Athletic,2.2152738785887913,-1.2
2018,Southern Miss,Sun Belt,-5.375497680891278,-5.0
2018,Stanford,ACC,18.242356593445706,13.0
2018,Syracuse,ACC,2.5388807624684326,7.5
2018,TCU,Big 12,13.599974643497076,6.9
2018,Temple,American Athletic,-0.7892150427641038,2.9
2018,Tennessee,SEC,5.479633777360635,5.5
2018,Texas,SEC,18.754162382388756,11.3
2018,Texas A&M,SEC,10.990818980855988,21.6
2018,Texas State,Pac-12,-17.281426585975318,-16.4
2018,Texas Tech,Big 12,-1.943021626984614,8.7
2018,Toledo,Mid-American,7.262953133137873,2.0
2018,Troy,Sun Belt,-3.6647713159457673,2.6
2018,Tulane,American Athletic,-0.43677869638308464,-3.5
2018,Tulsa,American Athletic,-7.942033484052359,-11.2
2018,UAB,American Athletic,3.416505874886826,-0.3
2018,UCF,Big 12,6.229910918822624,16.5
2018,UCLA,Big Ten,4.555078648317849,-0.4
2018,UConn,FBS Independents,-12.842888430911595,-26.4
2018,UL Monroe,Sun Belt,-6.893561419165463,-10.9
2018,UNLV,Mountain West,-7.262453582504779,-11.1
2018,USC,Big Ten,18.57507841738017,9.7
2018,UTEP,Mountain West,-19.229056221106326,-26.6
2018,UTSA,American Athletic,-5.662236122895199,-22.1
2018,Utah,Big 12,7.251947044808055,16.8
2018,Utah State,Pac-12,-4.16715957819658,14.2
2018,Vanderbilt,SEC,1.2361271299809073,7.6
2018,Virginia,ACC,-1.6917499685249648,7.1
2018,Virginia Tech,ACC,14.257510095804756,3.9
2018,Wake Forest,ACC,4.198695247624325,3.6
2018,Washington,Big Ten,22.206556988000784,19.9
2018,Washington State,Pac-12,5.503350118420622,11.3
2018,West Virginia,Big 12,7.98453486902252,13.2
2018,Western Kentucky,Conference USA,-7.264016395926168,-16.1
2018,Western Michigan,Mid-American,0.15117538958545773,-10.7
2018,Wisconsin,Big Ten,21.272344944285585,15.5
2018,Wyoming,Mountain West,-2.076548076988123,1.9
2019,Air Force,Mountain West,-4.4753868095172695,12.1
2019,Akron,Mid-American,-13.988798256088705,-29.8
2019,Alabama,SEC,35.65481823112879,32.4
2019,App State,Sun Belt,8.318588869896535,11.3
2019,Arizona,Big 12,1.5456312743019518,-8.0
2019,Arizona State,Big 12,4.47828462567466,6.3
2019,Arkansas,SEC,4.142221061409597,-10.6
2019,Arkansas State,Sun Belt,-2.509106773760713,-2.9
2019,Army,American Athletic,-1.8677095118327398,-2.1
2019,Auburn,SEC,20.212940316804602,21.0
2019,BYU,Big 12,3.930945244292779,1.3
2019,Ball State,Mid-American,-13.472274976204963,-4.5
2019,Baylor,Big 12,6.783915948941468,17.8
2019,Boise State,Pac-12,5.908680987711268,8.1
2019,Boston College,ACC,4.067602661454183,-5.7
2019,Bowling Green,Mid-American,-20.804397022491738,-27.5
2019,Buffalo,Mid-American,-9.687063025179755,-2.0
2019,California,ACC,1.5622938210189203,-2.6
2019,Central Michigan,Mid-American,-13.997626075168164,-4.4
2019,Charlotte,American Athletic,-12.426591477167534,-6.3
2019,Cincinnati,Big 12,6.159693493575455,9.1
2019,Clemson,ACC,29.925514142179804,28.1
2019,Coastal Carolina,Sun Belt,-14.616871514958612,-12.8
2019,Colorado,Big 12,1.3015590351272563,-4.1
2019,Colorado State,Pac-12,-8.951206096525736,-3.9
2019,Duke,ACC,0.7320342186097435,-1.8
2019,East Carolina,American Athletic,-9.722903466337144,-14.0
2019,Eastern Michigan,Mid-American,-4.3686391426198785,-8.6
2019,Florida,SEC,25.787033241935774,24.0
2019,Florida Atlantic,American Athletic,-3.115191081105421,-0.6
2019,Florida International,Conference USA,-2.5412290518060137,-7.0
2019,Florida State,ACC,6.148523471411632,1.8
2019,Fresno State,Pac-12,5.39826921222399,-4.0
2019,Georgia,SEC,28.004487773352825,26.8
2019,Georgia Southern,Sun Belt,-1.3165976594062072,-4.5
2019,Georgia State,Sun Belt,-12.626269164265109,-10.5
2019,Georgia Tech,ACC,-1.5287529696495876,-12.0
2019,Hawai'i,Mountain West,-4.802508413456026,-1.9
2019,Houston,Big 12,3.928114753135698,-4.3
2019,Illinois,Big Ten,-2.4639245043094187,0.6
2019,Indiana,Big Ten,6.0227051014921695,12.8
2019,Iowa,Big Ten,10.767911682544627,16.7
2019,Iowa State,Big 12,4.247134091771164,12.6
2019,Kansas,Big 12,-10.718101856480109,-9.8
2019,Kansas State,Big 12,-4.604543170735862,6.0
2019,Kent State,Mid-American,-11.069875091324949,-10.2
2019,Kentucky,SEC,9.779241186736703,9.1
2019,LSU,SEC,26.8752961034055,33.1
2019,Liberty,Conference USA,-11.747881591756377,-2.6
2019,Louisiana,Sun Belt,-3.467021517369077,9.6
2019,Louisiana Tech,Sun Belt,-1.2819377142374302,0.2
2019,Louisville,ACC,-3.333099346706495,0.2
2019,Marshall,Sun Belt,0.9224004696368995,-1.9
2019,Maryland,Big Ten,1.8300595649916254,-6.3
2019,Massachusetts,Mid-American,-18.396864156891777,-34.6
2019,Memphis,American Athletic,8.506694523491394,18.0
2019,Miami,ACC,11.961706409354765,9.6
2019,Miami (OH),Mid-American,-4.736451519765138,-9.2
2019,Michigan,Big Ten,22.819093359551236,20.7
2019,Michigan State,Big Ten,13.643112805907458,7.2
2019,Middle Tennessee,Conference USA,-3.719898090657368,-11.3
2019,Minnesota,Big Ten,11.945639464623433,19.4
2019,Mississippi State,SEC,15.590054053184247,3.5
2019,Missouri,SEC,12.216513503888041,7.8
2019,NC State,ACC,5.377208901764151,-6.3
2019,Navy,American Athletic,-8.947904860103757,9.9
2019,Nebraska,Big Ten,10.273033363024267,2.6
2019,Nevada,Mountain West,-1.4079706522768842,-12.3
2019,New Mexico,Mountain West,-8.52704728314507,-17.0
2019,New Mexico State,Conference USA,-12.520536949777412,-22.0
2019,North Carolina,ACC,-0.2704665547896503,10.3
2019,North Texas,American Athletic,3.771756814485968,-6.1
2019,Northern Illinois,Mountain West,-5.384782786951661,-13.9
2019,Northwestern,Big Ten,-0.1841460715953911,-5.5
2019,Notre Dame,FBS Independents,20.521877213947594,17.7
2019,Ohio,Mid-American,-2.1270718679734624,3.7
2019,Ohio State,Big Ten,20.846926585129403,35.4
2019,Oklahoma,SEC,23.92287651784892,22.9
2019,Oklahoma State,Big 12,8.479198383203002,8.7
2019,Old Dominion,Sun Belt,-12.913861990266197,-24.4
2019,Ole Miss,SEC,6.751147489600374,2.9
2019,Oregon,Big Ten,16.361334250659464,19.0
2019,Oregon State,Pac-12,-5.210588119360736,-0.7
2019,Penn State,Big Ten,17.27315403608942,24.3
2019,Pittsburgh,ACC,4.396167885828529,4.1
2019,Purdue,Big Ten,3.857340433397509,-0.7
2019,Rice,American Athletic,-19.230514489493697,-18.0
2019,Rutgers,Big Ten,-6.875287783870423,-14.6
2019,SMU,ACC,-2.3545090053516318,4.4
2019,San Diego State,Pac-12,4.5486429124780265,2.0
2019,San José State,Mountain West,-13.48481350565122,-7.2
2019,South Alabama,Sun Belt,-15.761189210696928,-20.3
2019,South Carolina,SEC,14.355217179073058,4.8
2019,South Florida,American Athletic,0.8442027457354653,-9.8
2019,Southern Miss,Sun Belt,2.315180859135963,-4.8
2019,Stanford,ACC,13.350566921775641,-4.7
2019,Syracuse,ACC,3.539541411021656,-3.0
2019,TCU,Big 12,8.388988311287632,6.7
2019,Temple,American Athletic,-0.61522243460568,3.2
2019,Tennessee,SEC,15.263498975556438,10.8
2019,Texas,SEC,17.334387165998905,12.0
2019,Texas A&M,SEC,22.786418946236086,15.0
2019,Texas State,Pac-12,-14.938649900511633,-16.2
2019,Texas Tech,Big 12,2.2960392846219886,2.7
2019,Toledo,Mid-American,0.4584380312887637,-13.7
2019,Troy,Sun Belt,-2.2713031629213467,-4.4
2019,Tulane,American Athletic,-3.3035897805358343,7.5
2019,Tulsa,American Athletic,-4.407722724973377,-2.5
2019,UAB,American Athletic,-1.2019115397715927,-1.4
2019,UCF,Big 12,12.432926008849732,19.1
2019,UCLA,Big Ten,3.0947237940876584,-3.9
2019,UConn,FBS Independents,-21.44264794021612,-24.4
2019,UL Monroe,Sun Belt,-9.968905777498906,-10.7
2019,UNLV,Mountain West,-5.6735531700849915,-17.4
2019,USC,Big Ten,17.527086845510368,13.1
2019,UTEP,Mountain West,-18.26512383884326,-25.6
2019,UTSA,American Athletic,-13.975870215248285,-23.7
2019,Utah,Big 12,15.80825361361432,19.5
2019,Utah State,Pac-12,3.707294581223301,-4.3
2019,Vanderbilt,SEC,4.499372675616124,-10.4
2019,Virginia,ACC,6.027534140422995,6.3
2019,Virginia Tech,ACC,8.552490380147328,8.0
2019,Wake Forest,ACC,3.2908474729788373,2.0
2019,Washington,Big Ten,20.710584330576012,18.3
2019,Washington State,Pac-12,5.541023700916547,11.1
2019,West Virginia,Big 12,4.562929635335868,-7.0
2019,Western Kentucky,Conference USA,-4.965685072790341,1.7
2019,Western Michigan,Mid-American,-4.532134288921208,-4.9
2019,Wisconsin,Big Ten,14.676949997534535,20.3
2019,Wyoming,Mountain West,-1.1916168061171244,-1.1
2020,Air Force,Mountain West,-2.7272118043472693,-5.6
2020,Akron,Mid-American,-18.809649781065172,-23.7
2020,Alabama,SEC,30.886378400996357,28.3
2020,App State,Sun Belt,8.00664998306729,10.3
2020,Arizona,Big 12,-4.4374663448388025,-3.5
2020,Arizona State,Big 12,6.25932658196447,11.4
2020,Arkansas,SEC,-4.304101107415574,1.6
2020,Arkansas State,Sun Belt,-2.9771333181166177,-6.5
2020,Army,American Athletic,-5.446069666852586,2.7
2020,Auburn,SEC,23.09749007172691,12.6
2020,BYU,Big 12,-1.6421279768140573,19.2
2020,Ball State,Mid-American,-5.940010381569255,-6.7
2020,Baylor,Big 12,9.894329038066207,1.3
2020,Boise State,Pac-12,7.8686683082005615,6.7
2020,Boston College,ACC,-4.3195675981411,0.9
2020,Bowling Green,Mid-American,-14.635690430916052,-26.2
2020,Buffalo,Mid-American,0.032138165053577694,1.4
2020,California,ACC,3.73981276153841,2.4
2020,Central Michigan,Mid-American,-1.3447476191273509,-1.8
2020,Charlotte,American Athletic,-2.853854145376566,-6.6
2020,Cincinnati,Big 12,5.812030037649347,18.6
2020,Clemson,ACC,31.461419199205547,26.1
2020,Coastal Carolina,Sun Belt,-8.824002195016277,6.6
2020,Colorado,Big 12,-4.473125125746816,-0.4
2020,Colorado State,Pac-12,-4.211405696343121,-6.5
2020,Duke,ACC,-1.8422812251948255,-4.2
2020,East Carolina,American Athletic,-2.453258041994867,-11.0
2020,Eastern Michigan,Mid-American,-10.970681203064766,-12.2
2020,Florida,SEC,20.929385056220102,19.8
2020,Florida Atlantic,American Athletic,-5.886513159700008,-0.3
2020,Florida International,Conference USA,-11.274296760103619,-10.7
2020,Florida State,ACC,6.296620392156443,-4.9
2020,Fresno State,Pac-12,-9.570024209743998,-5.5
2020,Georgia,SEC,26.412763216613325,19.1
2020,Georgia Southern,Sun Belt,-4.840746683738981,0.2
2020,Georgia State,Sun Belt,-9.463662429562437,-5.7
2020,Georgia Tech,ACC,2.1646120076641635,-1.0
2020,Hawai'i,Mountain West,-7.7255103109289855,-7.1
2020,Houston,Big 12,0.025573778378225498,3.3
2020,Illinois,Big Ten,0.665056574373678,-5.4
2020,Indiana,Big Ten,9.181338828159806,11.2
2020,Iowa,Big Ten,13.092056022315946,16.3
2020,Iowa State,Big 12,9.870081284809388,13.3
2020,Kansas,Big 12,-6.622586173191351,-16.3
2020,Kansas State,Big 12,5.998260946778181,2.0
2020,Kent State,Mid-American,-8.498557075226053,-7.5
2020,Kentucky,SEC,9.481922096304972,2.2
2020,LSU,SEC,25.800831777634645,6.0
2020,Liberty,Conference USA,-5.216323266812092,6.5
2020,Louisiana,Sun Belt,4.018433526514376,8.1
2020,Louisiana Tech,Sun Belt,-0.7899086216950317,-7.0
2020,Louisville,ACC,8.321320027395398,6.5
2020,Marshall,Sun Belt,-5.163749732936457,9.5
2020,Maryland,Big Ten,-2.1106546803258732,-0.1
2020,Massachusetts,Mid-American,-24.335060684752552,-31.3
2020,Memphis,American Athletic,10.454561008489975,5.7
2020,Miami,ACC,12.92186667193675,12.8
2020,Miami (OH),Mid-American,-4.921496495827864,-12.9
2020,Michigan,Big Ten,17.372964885663748,10.7
2020,Michigan State,Big Ten,0.9945157592513953,-2.4
2020,Middle Tennessee,Conference USA,-6.246154253730728,-11.7
2020,Minnesota,Big Ten,11.622490856411243,4.7
2020,Mississippi State,SEC,3.3750823502205183,-1.4
2020,Missouri,SEC,0.9358085534322256,-1.0
2020,NC State,ACC,1.892632193461142,0.0
2020,Navy,American Athletic,3.8796548490889826,-9.3
2020,Nebraska,Big Ten,6.570552753037764,7.7
2020,Nevada,Mountain West,-9.690067634555021,1.9
2020,New Mexico,Mountain West,-14.650589968517826,-15.0
2020,New Mexico State,Conference USA,-23.784225029422018,-31.5
2020,North Carolina,ACC,16.57764410396389,18.0
2020,North Texas,American Athletic,-5.596672222778217,-8.0
2020,Northern Illinois,Mountain West,-11.631635971505624,-18.4
2020,Northwestern,Big Ten,3.187802172936637,9.0
2020,Notre Dame,FBS Independents,18.87950309130447,21.0
2020,Ohio,Mid-American,0.2544274240189315,-3.2
2020,Ohio State,Big Ten,32.41944010178059,28.4
2020,Oklahoma,SEC,19.959035352150995,17.8
2020,Oklahoma State,Big 12,11.385465149151303,14.2
2020,Old Dominion,Sun Belt,-16.50942612484659,-15.9
2020,Ole Miss,SEC,5.489810307492931,4.8
2020,Oregon,Big Ten,18.591782538273524,18.1
2020,Oregon State,Pac-12,-3.9613635029463374,-0.7
2020,Penn State,Big Ten,25.079216859753238,13.9
2020,Pittsburgh,ACC,5.951521963416535,6.0
2020,Purdue,Big Ten,6.138966737982355,5.9
2020,Rice,American Athletic,-12.140390806745305,-9.2
2020,Rutgers,Big Ten,-6.73349299238887,-10.5
2020,SMU,ACC,2.3033501722424683,9.2
2020,San Diego State,Pac-12,-2.035356127241851,5.3
2020,San José State,Mountain West,-8.080234887391335,0.1
2020,South Alabama,Sun Belt,-15.560930021547955,-11.3
2020,South Carolina,SEC,4.3806969118356625,-2.4
2020,South Florida,American Athletic,-7.477083037974909,-11.4
2020,Southern Miss,Sun Belt,-8.04660513362914,-7.9
2020,Stanford,ACC,5.25266914329985,1.6
2020,Syracuse,ACC,-1.9000155487580075,-9.8
2020,TCU,Big 12,9.830867199564796,1.6
2020,Temple,American Athletic,2.259146585454986,-10.0
2020,Tennessee,SEC,11.587706521166714,0.9
2020,Texas,SEC,17.04614508695871,9.7
2020,Texas A&M,SEC,20.195385186927854,16.2
2020,Texas State,Pac-12,-11.58637223548789,-13.4
2020,Texas Tech,Big 12,2.5004482296020543,-4.2
2020,Toledo,Mid-American,-5.935831028135678,-3.6
2020,Troy,Sun Belt,-3.8646786838303546,2.3
2020,Tulane,American Athletic,1.8946247122050734,4.2
2020,Tulsa,American Athletic,0.26706905552564497,5.6
2020,UAB,American Athletic,0.6211526859085494,6.3
2020,UCF,Big 12,12.978856613334113,13.6
2020,UCLA,Big Ten,1.8378473638811923,-1.1
2020,UConn,FBS Independents,-16.324165977229928,-22.3
2020,UL Monroe,Sun Belt,-11.293019785953552,-18.4
2020,UNLV,Mountain West,-8.136735156288116,-19.7
2020,USC,Big Ten,13.977516098361926,12.4
2020,UTEP,Mountain West,-23.234821523756892,-18.6
2020,UTSA,American Athletic,-12.768037208825515,-9.6
2020,Utah,Big 12,12.868188733578956,11.9
2020,Utah State,Pac-12,-9.106055291786038,-16.7
2020,Vanderbilt,SEC,-12.484024722978047,-16.8
2020,Virginia,ACC,0.1805034414992095,0.9
2020,Virginia Tech,ACC,5.822884626931453,13.7
2020,Wake Forest,ACC,-0.5248121216950068,0.8
2020,Washington,Big Ten,12.638612297015055,11.7
2020,Washington State,Pac-12,2.162738652648841,4.2
2020,West Virginia,Big 12,0.059884908104914425,8.5
2020,Western Kentucky,Conference USA,-2.392109402580516,-3.2
2020,Western Michigan,Mid-American,-6.932572033745439,0.6
2020,Wisconsin,Big Ten,17.646878641022653,26.5
2020,Wyoming,Mountain West,-2.876351576758675,-2.5
2021,Air Force,Mountain West,-5.707599360157622,7.4
2021,Akron,Mid-American,-13.970590616435636,-23.1
2021,Alabama,SEC,26.785142721979096,26.0
2021,App State,Sun Belt,9.274970460461061,10.3
2021,Arizona,Big 12,-4.895080358886678,-12.6
2021,Arizona State,Big 12,12.229648063357406,11.8
2021,Arkansas,SEC,3.750069249296825,13.8
2021,Arkansas State,Sun Belt,-5.828639516138469,-17.9
2021,Army,American Athletic,2.885067035478979,4.7
2021,Auburn,SEC,10.00750482520348,11.0
2021,BYU,Big 12,9.405818123812669,8.9
2021,Ball State,Mid-American,-2.5582493559277655,-11.2
2021,Baylor,Big 12,2.2394569345631883,15.6
2021,Boise State,Pac-12,6.094206987852378,9.4
2021,Boston College,ACC,5.949239378944147,0.9
2021,Bowling Green,Mid-American,-20.98966169850834,-12.4
2021,Buffalo,Mid-American,-5.5191334181314495,-9.5
2021,California,ACC,8.294624441550615,3.4
2021,Central Michigan,Mid-American,-4.770140310564377,-1.0
2021,Charlotte,American Athletic,-4.563587275789782,-13.7
2021,Cincinnati,Big 12,14.253020469940582,21.2
2021,Clemson,ACC,23.059307023361473,18.7
2021,Coastal Carolina,Sun Belt,7.661008570982045,13.2
2021,Colorado,Big 12,1.3680316328719593,-10.0
2021,Colorado State,Pac-12,-4.648988761642939,-2.4
2021,Duke,ACC,-3.1654991790866305,-13.5
2021,East Carolina,American Athletic,-3.8345490239788758,0.5
2021,Eastern Michigan,Mid-American,-3.5328286539526212,-7.8
2021,Florida,SEC,17.05119764022681,11.0
2021,Florida Atlantic,American Athletic,4.822643323240232,-5.2
2021,Florida International,Conference USA,-4.7829745908113175,-21.6
2021,Florida State,ACC,2.5718914058351046,7.6
2021,Fresno State,Pac-12,3.9711873720606494,10.8
2021,Georgia,SEC,28.005516874297744,32.0
2021,Georgia Southern,Sun Belt,-1.8938799875504169,-15.3
2021,Georgia State,Sun Belt,0.06640793807920509,1.8
2021,Georgia Tech,ACC,4.276711664133601,-6.7
2021,Hawai'i,Mountain West,-8.41587220687345,-2.3
2021,Houston,Big 12,0.05866805648748774,10.9
2021,Illinois,Big Ten,-3.462013173251697,4.3
2021,Indiana,Big Ten,9.215134938789328,-7.8
2021,Iowa,Big Ten,13.386247400877675,11.4
2021,Iowa State,Big 12,12.356596125656033,14.3
2021,Kansas,Big 12,-8.074712911907199,-19.7
2021,Kansas State,Big 12,2.5855506870055973,14.2
2021,Kent State,Mid-American,-3.9877873865057056,-6.4
2021,Kentucky,SEC,3.853545508524599,13.4
2021,LSU,SEC,13.110040208665934,4.1
2021,Liberty,Conference USA,3.359740152258036,8.4
2021,Louisiana,Sun Belt,3.2675136900568846,8.7
2021,Louisiana Tech,Sun Belt,-6.057894669775212,-11.6
2021,Louisville,ACC,3.871243132399254,7.8
2021,Marshall,Sun Belt,2.0787182128801707,8.0
2021,Maryland,Big Ten,5.581644069789331,6.2
2021,Massachusetts,Mid-American,-22.99518121274695,-29.3
2021,Memphis,American Athletic,3.56186962618154,1.0
2021,Miami,ACC,18.631598512159016,10.8
2021,Miami (OH),Mid-American,-1.1735301319541038,1.5
2021,Michigan,Big Ten,13.88025261766032,23.4
2021,Michigan State,Big Ten,2.1402726946030337,11.2
2021,Middle Tennessee,Conference USA,-7.1627005421642185,-4.0
2021,Minnesota,Big Ten,7.268940289283259,14.4
2021,Mississippi State,SEC,3.8997216106751837,10.5
2021,Missouri,SEC,4.832508733695074,3.1
2021,NC State,ACC,6.3801501760750385,16.1
2021,Navy,American Athletic,-14.346333473697886,-8.5
2021,Nebraska,Big Ten,6.161902354411389,10.3
2021,Nevada,Mountain West,5.782750754070353,3.6
2021,New Mexico,Mountain West,-6.983516856606178,-18.6
2021,New Mexico State,Conference USA,-15.308796887278472,-24.2
2021,North Carolina,ACC,13.917634964281431,6.4
2021,North Texas,American Athletic,-5.341411980422202,-6.5
2021,Northern Illinois,Mountain West,-9.905470243493923,-7.1
2021,Northwestern,Big Ten,0.22611782924260537,-11.1
2021,Notre Dame,FBS Independents,16.91847023498988,17.4
2021,Ohio,Mid-American,-2.244509161338584,-11.6
2021,Ohio State,Big Ten,27.065329796883237,29.3
2021,Oklahoma,SEC,21.441377209591334,16.8
2021,Oklahoma State,Big 12,9.489684127685575,17.2
2021,Old Dominion,Sun Belt,-9.146365063191402,-7.4
2021,Ole Miss,SEC,10.605478212318696,14.8
2021,Oregon,Big Ten,19.824673496925715,10.2
2021,Oregon State,Pac-12,-1.206572352750494,8.9
2021,Penn State,Big Ten,15.980525974773528,14.3
2021,Pittsburgh,ACC,9.466529527542411,17.6
2021,Purdue,Big Ten,6.947416050810765,10.3
2021,Rice,American Athletic,-7.856079967271658,-22.9
2021,Rutgers,Big Ten,-2.313849269752793,-3.0
2021,SMU,ACC,3.138490688993076,8.9
2021,San Diego State,Pac-12,5.548701953897575,8.3
2021,San José State,Mountain West,-2.6572195964411165,-1.9
2021,South Alabama,Sun Belt,-6.673692269525391,-7.2
2021,South Carolina,SEC,-2.800229878197256,3.9
2021,South Florida,American Athletic,-2.2869238688515034,-12.1
2021,Southern Miss,Sun Belt,-9.709064168821058,-14.2
2021,Stanford,ACC,1.3228899876349156,-10.2
2021,Syracuse,ACC,-3.9597121671951907,0.3
2021,TCU,Big 12,3.7466351680846843,-0.6
2021,Temple,American Athletic,-7.334515586373005,-19.1
2021,Tennessee,SEC,-1.3808369721421847,17.5
2021,Texas,SEC,8.47676460891473,8.5
2021,Texas A&M,SEC,21.98156382564115,21.1
2021,Texas State,Pac-12,-12.139881572878378,-16.0
2021,Texas Tech,Big 12,-3.7549409882077853,9.8
2021,Toledo,Mid-American,1.9269454517011613,6.9
2021,Troy,Sun Belt,-1.0316969682301174,-6.5
2021,Tulane,American Athletic,1.9941662470320722,-3.9
2021,Tulsa,American Athletic,-0.870244929461317,5.8
2021,UAB,American Athletic,1.306965461670888,9.1
2021,UCF,Big 12,5.967999675038287,4.8
2021,UCLA,Big Ten,5.964243210285191,9.4
2021,UConn,FBS Independents,-15.762905653371131,-25.6
2021,UL Monroe,Sun Belt,-13.09095136339327,-20.3
2021,UNLV,Mountain West,-11.464183907752705,-13.8
2021,USC,Big Ten,15.48906879854766,-0.6
2021,UTEP,Mountain West,-13.175645057537164,-4.2
2021,UTSA,American Athletic,-1.7751953179523061,6.5
2021,Utah,Big 12,7.8963613494929055,15.2
2021,Utah State,Pac-12,-14.788966450955677,0.1
2021,Vanderbilt,SEC,-4.841106315426742,-19.4
2021,Virginia,ACC,7.1074118577361824,7.2
2021,Virginia Tech,ACC,9.704150687043853,2.4
2021,Wake Forest,ACC,4.487232321641712,10.1
2021,Washington,Big Ten,11.0480756970144,-0.7
2021,Washington State,Pac-12,1.4795351084955308,6.7
2021,West Virginia,Big 12,10.231469307492162,1.8
2021,Western Kentucky,Conference USA,-9.47656133090965,13.3
2021,Western Michigan,Mid-American,-0.2166640865322098,0.6
2021,Wisconsin,Big Ten,21.441070855208636,20.1
2021,Wyoming,Mountain West,-0.6183896352438547,0.6
2022,Air Force,Mountain West,2.8118926462122156,3.9
2022,Akron,Mid-American,-22.749746222239374,-23.4
2022,Alabama,SEC,27.98552792827857,30.3
2022,App State,Sun Belt,3.528612538229429,1.7
2022,Arizona,Big 12,-3.862572685127606,-3.2
2022,Arizona State,Big 12,-3.402440234190228,-4.1
2022,Arkansas,SEC,9.427032907302351,12.0
2022,Arkansas State,Sun Belt,-15.101302594783002,-13.0
2022,Army,American Athletic,-5.317995258133191,-1.5
2022,Auburn,SEC,12.061153499143954,5.1
2022,BYU,Big 12,5.333287008121831,-1.4
2022,Ball State,Mid-American,-9.22895727528127,-14.9
2022,Baylor,Big 12,8.080209797558336,11.7
2022,Boise State,Pac-12,4.718664435097725,5.7
2022,Boston College,ACC,2.2252253950724765,-14.9
2022,Bowling Green,Mid-American,-6.134194629532292,-18.1
2022,Buffalo,Mid-American,-6.9878188836722455,-9.2
2022,California,ACC,-3.402935127259877,-3.0
2022,Central Michigan,Mid-American,0.46510912255282655,-14.0
2022,Charlotte,American Athletic,-6.923227427473234,-16.4
2022,Cincinnati,Big 12,9.040902701650964,13.1
2022,Clemson,ACC,21.208384136976058,17.6
2022,Coastal Carolina,Sun Belt,4.025875658688523,0.6
2022,Colorado,Big 12,-3.6940507029272367,-20.4
2022,Colorado State,Pac-12,-7.172039598748778,-22.2
2022,Duke,ACC,-11.827279098354044,5.0
2022,East Carolina,American Athletic,-0.7402740602567244,1.1
2022,Eastern Michigan,Mid-American,-7.871700020699713,-7.1
2022,Florida,SEC,8.067775787507276,10.4
2022,Florida Atlantic,American Athletic,-5.427683301112095,-7.1
2022,Florida International,Conference USA,-18.302708589839334,-25.5
2022,Florida State,ACC,10.051179512198425,13.2
2022,Fresno State,Pac-12,5.761702548008342,3.3
2022,Georgia,SEC,32.26133680906582,35.3
2022,Georgia Southern,Sun Belt,-12.539679248710456,-6.4
2022,Georgia State,Sun Belt,0.6157721467316447,-3.3
2022,Georgia Tech,ACC,-6.103731103713383,-11.8
2022,Hawai'i,Mountain West,-11.437770737745458,-24.7
2022,Houston,Big 12,9.390197694342115,4.5
2022,Illinois,Big Ten,4.111031939726805,15.9
2022,Indiana,Big Ten,-5.31477799671403,-7.1
2022,Iowa,Big Ten,12.550436479572879,12.7
2022,Iowa State,Big 12,6.494919969256541,5.3
2022,James Madison,Sun Belt,-5.219180108284434,6.5
2022,Kansas,Big 12,-13.582313874473584,2.9
2022,Kansas State,Big 12,8.742324230244561,21.4
2022,Kent State,Mid-American,-6.651198979135831,-13.1
2022,Kentucky,SEC,11.726717813910792,13.0
2022,LSU,SEC,8.346399857248572,16.2
2022,Liberty,Conference USA,-2.7864360621577986,-1.5
2022,Louisiana,Sun Belt,1.5720240362801063,2.0
2022,Louisiana Tech,Sun Belt,-13.389738190450618,-17.8
2022,Louisville,ACC,3.1203228097576945,9.0
2022,Marshall,Sun Belt,2.613045989412386,3.0
2022,Maryland,Big Ten,5.44092759581995,11.2
2022,Massachusetts,Mid-American,-20.539869740118508,-30.3
2022,Memphis,American Athletic,2.9154441283263504,6.8
2022,Miami,ACC,10.009140726894914,-2.7
2022,Miami (OH),Mid-American,0.15176982033153097,-12.7
2022,Michigan,Big Ten,25.2636881962798,32.0
2022,Michigan State,Big Ten,11.421432753803481,1.2
2022,Middle Tennessee,Conference USA,-7.889926905954233,-6.9
2022,Minnesota,Big Ten,13.699090778720759,16.0
2022,Mississippi State,SEC,6.02662837628746,15.4
2022,Missouri,SEC,4.671437326479515,8.1
2022,NC State,ACC,9.190744827799348,6.8
2022,Navy,American Athletic,-14.797632572141923,-7.2
2022,Nebraska,Big Ten,6.530935709814315,-1.2
2022,Nevada,Mountain West,-10.422074284445545,-22.4
2022,New Mexico,Mountain West,-16.65104581190684,-26.9
2022,New Mexico State,Conference USA,-22.802212330961193,-15.4
2022,North Carolina,ACC,8.912488271265833,7.8
2022,North Texas,American Athletic,-7.5228937507787155,-1.5
2022,Northern Illinois,Mountain West,-3.1457859789386116,-18.8
2022,Northwestern,Big Ten,-5.166657618086671,-13.4
2022,Notre Dame,FBS Independents,18.084896506157015,10.3
2022,Ohio,Mid-American,-12.983782167914974,-4.6
2022,Ohio State,Big Ten,30.974814861977904,31.1
2022,Oklahoma,SEC,13.827714746813209,15.4
2022,Oklahoma State,Big 12,16.724387212236653,11.3
2022,Old Dominion,Sun Belt,-5.659930159629793,-13.0
2022,Ole Miss,SEC,6.391450462929674,16.2
2022,Oregon,Big Ten,7.0383204819107625,18.9
2022,Oregon State,Pac-12,4.796986096242777,14.3
2022,Penn State,Big Ten,19.038732025749145,22.4
2022,Pittsburgh,ACC,6.141315115677822,8.6
2022,Purdue,Big Ten,4.640919329829114,7.7
2022,Rice,American Athletic,-20.193645081225874,-15.2
2022,Rutgers,Big Ten,0.05913915602632436,-9.1
2022,SMU,ACC,2.2408987282825903,4.7
2022,San Diego State,Pac-12,0.7107439946518234,-4.4
2022,San José State,Mountain West,-3.6115069455154205,-4.3
2022,South Alabama,Sun Belt,-11.504965741886435,10.8
2022,South Carolina,SEC,7.417198126782544,12.7
2022,South Florida,American Athletic,-12.480710709087262,-17.0
2022,Southern Miss,Sun Belt,-6.278479998016875,-3.5
2022,Stanford,ACC,-0.09415163662872827,-7.2
2022,Syracuse,ACC,0.9338552541813278,2.5
2022,TCU,Big 12,3.837028822808158,24.3
2022,Temple,American Athletic,-14.013371515774645,-12.9
2022,Tennessee,SEC,16.758940497710338,25.2
2022,Texas,SEC,14.872907389231687,23.1
2022,Texas A&M,SEC,22.29011943688992,9.1
2022,Texas State,Pac-12,-15.786881094488669,-11.5
2022,Texas Tech,Big 12,4.985973710931143,8.5
2022,Toledo,Mid-American,-1.1929156159931527,-3.7
2022,Troy,Sun Belt,-10.010691031027946,8.1
2022,Tulane,American Athletic,1.2099337654955549,12.4
2022,Tulsa,American Athletic,-1.4827181276526367,-6.1
2022,UAB,American Athletic,2.4850136424868605,-0.5
2022,UCF,Big 12,6.442764316795628,10.3
2022,UCLA,Big Ten,5.048344332062605,15.0
2022,UConn,FBS Independents,-24.230960091232923,-14.6
2022,UL Monroe,Sun Belt,-14.305381985237732,-15.7
2022,UNLV,Mountain West,-14.237900021987102,-11.9
2022,USC,Big Ten,-4.701776394925734,18.9
2022,UTEP,Mountain West,-9.158702773337476,-10.7
2022,UTSA,American Athletic,3.615638590619385,7.2
2022,Utah,Big 12,15.54029883256632,19.2
2022,Utah State,Pac-12,-1.6099738872096192,-13.3
2022,Vanderbilt,SEC,-8.518917272677616,-4.7
2022,Virginia,ACC,4.362584726278101,-9.0
2022,Virginia Tech,ACC,-1.9886162971142545,-9.5
2022,Wake Forest,ACC,7.349303778233272,8.2
2022,Washington,Big Ten,0.018388932846639117,15.7
2022,Washington State,Pac-12,0.2187478566688803,9.5
2022,West Virginia,Big 12,-2.0115167561589558,2.4
2022,Western Kentucky,Conference USA,2.0015515773460493,1.7
2022,Western Michigan,Mid-American,-5.433437663803252,-17.3
2022,Wisconsin,Big Ten,14.441213932274573,8.3
2022,Wyoming,Mountain West,-6.436097370842711,-10.8
2023,Air Force,Mountain West,-5.553146628710434,5.9
2023,Akron,Mid-American,-16.607976983447603,-21.6
2023,Alabama,SEC,30.031846158288328,23.1
2023,App State,Sun Belt,1.2153924314709084,3.8
2023,Arizona,Big 12,3.1268305551304314,14.1
2023,Arizona State,Big 12,-1.9031903286074054,-11.3
2023,Arkansas,SEC,8.5032957219024,3.5
2023,Arkansas State,Sun Belt,-12.501826256424273,-6.3
2023,Army,American Athletic,-3.2153418251820813,-4.0
2023,Auburn,SEC,9.036677646795752,7.6
2023,BYU,Big 12,1.5492258839949418,-3.3
2023,Ball State,Mid-American,-13.878908291410442,-14.9
2023,Baylor,Big 12,8.750020756157346,-8.3
2023,Boise State,Pac-12,8.153175243232742,5.9
2023,Boston College,ACC,-8.72335846470159,-5.9
2023,Bowling Green,Mid-American,-17.74536899965406,-7.8
2023,Buffalo,Mid-American,-6.422967938132761,-15.2
2023,California,ACC,-2.7876355901570156,-0.1
2023,Central Michigan,Mid-American,-13.844471416350178,-19.1
2023,Charlotte,American Athletic,-20.42496696283075,-21.4
2023,Cincinnati,Big 12,1.3532526536863612,-6.8
2023,Clemson,ACC,20.166331309122913,10.5
2023,Coastal Carolina,Sun Belt,0.7655758174366112,-1.2
2023,Colorado,Big 12,-16.138399407209935,-4.9
2023,Colorado State,Pac-12,-10.641320838819246,-8.9
2023,Duke,ACC,8.779095374660935,9.4
2023,East Carolina,American Athletic,-4.665530076540653,-12.8
2023,Eastern Michigan,Mid-American,-7.481331448240827,-12.3
2023,Florida,SEC,13.867751681512553,6.8
2023,Florida Atlantic,American Athletic,-7.706692069966193,-9.4
2023,Florida International,Conference USA,-14.657857102334944,-21.2
2023,Florida State,ACC,13.100108364459842,19.4
2023,Fresno State,Pac-12,-3.9760709279805306,2.5
2023,Georgia,SEC,30.480425245619358,31.2
2023,Georgia Southern,Sun Belt,-5.655897567304699,-5.2
2023,Georgia State,Sun Belt,-5.50097443975238,-6.8
2023,Georgia Tech,ACC,-10.628663851232185,0.3
2023,Hawai'i,Mountain West,-17.03230809064426,-16.4
2023,Houston,Big 12,0.4027173801785193,-7.8
2023,Illinois,Big Ten,6.652084868350835,-2.5
2023,Indiana,Big Ten,-4.2318384725688585,-7.4
2023,Iowa,Big Ten,9.278176866247815,5.8
2023,Iowa State,Big 12,5.798865671201401,7.5
2023,Jacksonville State,Conference USA,-5.14284121573604,-1.6
2023,James Madison,Sun Belt,-4.7518648272068695,11.8
2023,Kansas,Big 12,5.127596779766444,9.9
2023,Kansas State,Big 12,10.976503179641302,16.2
2023,Kent State,Mid-American,-20.84506994216067,-26.3
2023,Kentucky,SEC,10.892627376476417,10.5
2023,LSU,SEC,21.689600587892585,19.1
2023,Liberty,Conference USA,-4.266182162987024,8.0
2023,Louisiana,Sun Belt,1.3019731189940957,0.4
2023,Louisiana Tech,Sun Belt,-13.456532640466204,-12.9
2023,Louisville,ACC,4.3084913020109745,8.0
2023,Marshall,Sun Belt,-2.6297988771940917,-9.0
2023,Maryland,Big Ten,10.16802064725171,11.0
2023,Massachusetts,Mid-American,-20.372332324722755,-17.5
2023,Memphis,American Athletic,4.938521606752973,3.5
2023,Miami,ACC,9.407114364695143,9.6
2023,Miami (OH),Mid-American,-9.89900811983191,2.8
2023,Michigan,Big Ten,25.35612738404697,31.3
2023,Michigan State,Big Ten,-2.668902043490772,-6.8
2023,Middle Tennessee,Conference USA,-9.942271703016367,-9.5
2023,Minnesota,Big Ten,8.7698490866817,0.4
2023,Mississippi State,SEC,10.940677828371623,0.5
2023,Missouri,SEC,7.7030813877805,19.3
2023,NC State,ACC,4.187867165926457,7.4
2023,Navy,American Athletic,-10.877480256826122,-13.7
2023,Nebraska,Big Ten,-2.4827368914975203,0.3
2023,Nevada,Mountain West,-16.079498950671795,-22.0
2023,New Mexico,Mountain West,-21.962017805974664,-16.5
2023,New Mexico State,Conference USA,-7.7114577591754045,-1.8
2023,North Carolina,ACC,12.628845046160905,7.4
2023,North Texas,American Athletic,-6.4463417523236775,-6.7
2023,Northern Illinois,Mountain West,-16.703246806529457,-7.5
2023,Northwestern,Big Ten,-7.40574084843969,-1.3
2023,Notre Dame,FBS Independents,13.374213209030547,20.1
2023,Ohio,Mid-American,0.10632203201012458,-1.6
2023,Ohio State,Big Ten,31.409909733506503,25.2
2023,Oklahoma,SEC,18.580630004175276,15.0
2023,Oklahoma State,Big 12,5.225221233357848,6.7
2023,Old Dominion,Sun Belt,-17.93373581391167,-10.1
2023,Ole Miss,SEC,12.673860407998085,18.4
2023,Oregon,Big Ten,22.885203642372073,26.2
2023,Oregon State,Pac-12,6.35831347241483,12.6
2023,Penn State,Big Ten,20.124618809702387,23.5
2023,Pittsburgh,ACC,3.6907256332000378,-7.3
2023,Purdue,Big Ten,1.1440487064119909,-7.3
2023,Rice,American Athletic,-10.630989716369626,-10.2
2023,Rutgers,Big Ten,-5.592688796616016,3.5
2023,SMU,ACC,2.603934986158885,10.1
2023,Sam Houston,Conference USA,0.13457725088772388,-13.8
2023,San Diego State,Pac-12,-1.898911375718478,-10.3
2023,San José State,Mountain West,-2.2348876588973408,-3.4
2023,South Alabama,Sun Belt,7.6326861555392576,5.1
2023,South Carolina,SEC,11.182200270718239,4.3
2023,South Florida,American Athletic,-15.492536118230873,-6.6
2023,Southern Miss,Sun Belt,-3.418929060020046,-14.4
2023,Stanford,ACC,-7.057487068283949,-11.9
2023,Syracuse,ACC,1.0987500486229835,-4.4
2023,TCU,Big 12,13.619272581550307,7.9
2023,Temple,American Athletic,-6.444562058970687,-21.0
2023,Tennessee,SEC,19.595811497824247,16.2
2023,Texas,SEC,24.814303527745825,23.2
2023,Texas A&M,SEC,14.811580086694098,15.6
2023,Texas State,Pac-12,-12.05608643807638,-1.6
2023,Texas Tech,Big 12,8.82597262658527,6.1
2023,Toledo,Mid-American,-1.9785295999502595,3.7
2023,Troy,Sun Belt,1.5995140056855994,9.8
2023,Tulane,American Athletic,7.360338516813239,2.8
2023,Tulsa,American Athletic,-11.202317373166379,-13.7
2023,UAB,American Athletic,-3.890514874284464,-14.7
2023,UCF,Big 12,9.85846179748041,3.4
2023,UCLA,Big Ten,7.8235517034384,9.7
2023,UConn,FBS Independents,-9.197843312000261,-15.6
2023,UL Monroe,Sun Belt,-18.89185879133529,-21.6
2023,UNLV,Mountain West,-16.91511206897713,1.4
2023,USC,Big Ten,21.683911693714485,9.4
2023,UTEP,Mountain West,-10.33430829968585,-16.2
2023,UTSA,American Athletic,5.744082235929875,5.4
2023,Utah,Big 12,16.689604875441947,8.5
2023,Utah State,Pac-12,-12.57404930463339,-10.9
2023,Vanderbilt,SEC,-2.2514823289438812,-12.7
2023,Virginia,ACC,-8.154281567713127,-10.8
2023,Virginia Tech,ACC,-1.511436678591166,5.8
2023,Wake Forest,ACC,4.203268327090741,-7.9
2023,Washington,Big Ten,17.568738729048157,16.4
2023,Washington State,Pac-12,6.0469014162139985,4.9
2023,West Virginia,Big 12,-0.5925138917742816,7.5
2023,Western Kentucky,Conference USA,-4.3706478819595045,-2.0
2023,Western Michigan,Mid-American,-15.191664730832152,-15.9
2023,Wisconsin,Big Ten,6.748635639254459,9.4
2023,Wyoming,Mountain West,-6.761265049860075,-3.6
2024,Air Force,Mountain West,-4.332403596283384,-11.7
2024,Akron,Mid-American,-18.525132020808197,-17.9
2024,Alabama,SEC,22.677581312751922,25.0
2024,App State,Sun Belt,6.090152728880198,-8.1
2024,Arizona,Big 12,3.5283973275124962,-2.8
2024,Arizona State,Big 12,-3.2826779531177515,9.4
2024,Arkansas,SEC,6.699466644307528,11.0
2024,Arkansas State,Sun Belt,-1.8306781882320482,-9.9
2024,Army,American Athletic,-6.239110146922066,9.2
2024,Auburn,SEC,15.02833898938817,9.5
2024,BYU,Big 12,1.7259922682757352,15.3
2024,Ball State,Mid-American,-12.073906596177695,-19.8
2024,Baylor,Big 12,-1.8273380918978523,8.4
2024,Boise State,Pac-12,1.0510826518755354,10.1
2024,Boston College,ACC,-2.1955161908364236,1.2
2024,Bowling Green,Mid-American,-4.9136089699940895,-1.8
2024,Buffalo,Mid-American,-16.71960450619101,-4.0
2024,California,ACC,1.8931893371840762,4.0
2024,Central Michigan,Mid-American,-8.562168224014473,-15.8
2024,Charlotte,American Athletic,-13.56445388305029,-15.3
2024,Cincinnati,Big 12,-3.807884706907534,-0.1
2024,Clemson,ACC,18.048206125155353,13.3
2024,Coastal Carolina,Sun Belt,-1.8280574405113297,-6.9
2024,Colorado,Big 12,-2.9582923537153585,8.1
2024,Colorado State,Pac-12,-2.387222745575368,-5.7
2024,Duke,ACC,0.7593201946911978,5.6
2024,East Carolina,American Athletic,-11.526209890204875,-1.0
2024,Eastern Michigan,Mid-American,-11.014105735322877,-13.3
2024,Florida,SEC,14.216813758172895,13.8
2024,Florida Atlantic,American Athletic,-12.986417634866108,-12.7
2024,Florida International,Conference USA,-13.867202573893971,-12.1
2024,Florida State,ACC,16.389811383847963,-3.2
2024,Fresno State,Pac-12,1.3503485139501048,-3.8
2024,Georgia,SEC,30.350093325200177,24.3
2024,Georgia Southern,Sun Belt,-6.104981534269776,-1.7
2024,Georgia State,Sun Belt,-8.37469651593538,-17.9
2024,Georgia Tech,ACC,4.7422862833235,1.9
2024,Hawai'i,Mountain West,-4.412999244632959,-10.9
2024,Houston,Big 12,-4.170746688979773,-8.2
2024,Illinois,Big Ten,-2.0048271085658618,9.6
2024,Indiana,Big Ten,-8.985751638011331,20.1
2024,Iowa,Big Ten,7.434938125899074,15.8
2024,Iowa State,Big 12,8.978854736922937,10.3
2024,Jacksonville State,Conference USA,-2.454754050582686,-1.0
2024,James Madison,Sun Belt,1.1266136361142238,7.5
2024,Kansas,Big 12,6.985490529671519,4.9
2024,Kansas State,Big 12,8.800586260815862,14.1
2024,Kennesaw State,Conference USA,-2.239557778488309,-25.1
2024,Kent State,Mid-American,-15.33828478327072,-33.0
2024,Kentucky,SEC,9.079986049597743,5.5
2024,LSU,SEC,14.876862791766168,15.9
2024,Liberty,Conference USA,9.103676915865083,0.2
2024,Louisiana,Sun Belt,0.44632835922823677,4.8
2024,Louisiana Tech,Sun Belt,-12.769390160446143,-11.6
2024,Louisville,ACC,1.7170770220958,13.6
2024,Marshall,Sun Belt,-7.121180592928423,3.1
2024,Maryland,Big Ten,7.27623810343052,-3.9
2024,Massachusetts,Mid-American,-17.70172866631857,-21.9
2024,Memphis,American Athletic,4.16964401948566,9.6
2024,Miami,ACC,14.49084463458003,21.6
2024,Miami (OH),Mid-American,2.031242052741086,1.3
2024,Michigan,Big Ten,21.14792075202802,10.6
2024,Michigan State,Big Ten,-5.350512147569027,-4.6
2024,Middle Tennessee,Conference USA,-9.368168853565436,-24.4
2024,Minnesota,Big Ten,3.0528704178822075,10.4
2024,Mississippi State,SEC,-2.7158960483983208,-4.1
2024,Missouri,SEC,18.551729349784516,14.0
2024,NC State,ACC,6.644651791249189,3.9
2024,Navy,American Athletic,-12.84867156623306,3.5
2024,Nebraska,Big Ten,5.849773714764239,5.5
2024,Nevada,Mountain West,-16.98915221993757,-15.2
2024,New Mexico,Mountain West,-21.164498688321324,-14.8
2024,New Mexico State,Conference USA,-15.797441854267692,-19.0
2024,North Carolina,ACC,8.340113446665862,5.0
2024,North Texas,American Athletic,-8.143983512551046,-4.5
2024,Northern Illinois,Mountain West,-3.680138346497726,-3.5
2024,Northwestern,Big Ten,-2.4330230751428665,-8.2
2024,Notre Dame,FBS Independents,19.715299469741115,23.9
2024,Ohio,Mid-American,-7.43041217467407,2.3
2024,Ohio State,Big Ten,23.146189517856897,31.2
2024,Oklahoma,SEC,17.32473114773259,9.5
2024,Oklahoma State,Big 12,9.562448867933773,-2.6
2024,Old Dominion,Sun Belt,-7.945542918752694,-6.0
2024,Ole Miss,SEC,18.37400703730142,27.9
2024,Oregon,Big Ten,22.48524693183746,26.0
2024,Oregon State,Pac-12,-2.0630468058757963,-6.7
2024,Penn State,Big Ten,23.55840020943114,24.6
2024,Pittsburgh,ACC,-2.31293758956393,4.9
2024,Purdue,Big Ten,-0.6623280509055882,-16.2
2024,Rice,American Athletic,-11.649158695345402,-11.4
2024,Rutgers,Big Ten,2.377302254372633,6.4
2024,SMU,ACC,10.915957731048765,17.5
2024,Sam Houston,Conference USA,-8.957668279866315,-6.9
2024,San Diego State,Pac-12,-6.100663231112861,-15.4
2024,San José State,Mountain West,-10.000215606225561,-5.5
2024,South Alabama,Sun Belt,-3.6709455993061244,2.8
2024,South Carolina,SEC,1.9447940682624636,16.9
2024,South Florida,American Athletic,-0.08687591663002991,-2.3
2024,Southern Miss,Sun Belt,-12.443922939764956,-25.6
2024,Stanford,ACC,-2.462886180218658,-8.2
2024,Syracuse,ACC,-3.413796036601161,5.5
2024,TCU,Big 12,5.625612292189806,10.8
2024,Temple,American Athletic,-19.84203205906591,-20.3
2024,Tennessee,SEC,15.009373716433728,22.0
2024,Texas,SEC,20.589366821992154,24.1
2024,Texas A&M,SEC,16.397928470635105,17.0
2024,Texas State,Pac-12,-3.907782951727274,5.4
2024,Texas Tech,Big 12,7.4107943123029525,4.3
2024,Toledo,Mid-American,4.643627103874176,-2.5
2024,Troy,Sun Belt,-1.8329228295630948,-6.6
2024,Tulane,American Athletic,-1.4156172515857672,5.7
2024,Tulsa,American Athletic,-7.1224997546090405,-20.6
2024,UAB,American Athletic,-5.942522218567962,-11.3
2024,UCF,Big 12,4.495278117361894,2.8
2024,UCLA,Big Ten,4.3200183930488665,-1.3
2024,UConn,FBS Independents,-15.521573465807506,1.5
2024,UL Monroe,Sun Belt,-23.385783601953396,-16.7
2024,UNLV,Mountain West,1.2852864587556232,9.3
2024,USC,Big Ten,5.879986392561711,11.9
2024,UTEP,Mountain West,-15.394257714870868,-22.7
2024,UTSA,American Athletic,1.0237030024685108,2.2
2024,Utah,Big 12,4.814758643774366,7.7
2024,Utah State,Pac-12,-7.273352225259106,-10.4
2024,Vanderbilt,SEC,-11.534745455848757,4.9
2024,Virginia,ACC,-4.48694882218251,-5.1
2024,Virginia Tech,ACC,9.595262429872692,10.0
2024,Wake Forest,ACC,-4.960675346324928,-5.7
2024,Washington,Big Ten,1.9413784613823408,3.1
2024,Washington State,Pac-12,-0.6948782039234744,1.3
2024,West Virginia,Big 12,8.94811467437641,2.1
2024,Western Kentucky,Conference USA,-2.5675033628079786,-2.2
2024,Western Michigan,Mid-American,-4.234417449743742,-10.2
2024,Wisconsin,Big Ten,11.627904423654304,3.0
2024,Wyoming,Mountain West,-5.276380865843758,-13.6
2025,Air Force,Mountain West,-8.845947850926134,-3.2
2025,Akron,Mid-American,-17.606010568442628,-13.9
2025,Alabama,SEC,25.55660237700942,14.8
2025,App State,Sun Belt,-12.933312184079782,-11.4
2025,Arizona,Big 12,-1.917949716298569,12.0
2025,Arizona State,Big 12,6.6229056028592455,3.9
2025,Arkansas,SEC,5.381486735270179,5.1
2025,Arkansas State,Sun Belt,-6.189672671420413,-8.8
2025,Army,American Athletic,-1.5824465720770768,0.8
2025,Auburn,SEC,9.016537607769088,11.6
2025,BYU,Big 12,7.376062729844839,15.9
2025,Ball State,Mid-American,-21.808341558653957,-23.0
2025,Baylor,Big 12,10.115046681868659,1.4
2025,Boise State,Pac-12,6.0363308541192655,3.1
2025,Boston College,ACC,-1.0152196798319792,-8.5
2025,Bowling Green,Mid-American,-11.599815948199769,-12.6
2025,Buffalo,Mid-American,-1.7011637877407475,-7.5
2025,California,ACC,-5.408830056163658,-3.2
2025,Central Michigan,Mid-American,-18.17234586396496,-8.8
2025,Charlotte,American Athletic,-23.791162660466856,-26.7
2025,Cincinnati,Big 12,0.5015846446281821,4.5
2025,Clemson,ACC,16.949773822068785,9.5
2025,Coastal Carolina,Sun Belt,-6.544572932034211,-15.1
2025,Colorado,Big 12,0.34966259568722236,-8.3
2025,Colorado State,Pac-12,-7.239395106873336,-15.6
2025,Delaware,Conference USA,-3.5352600276936386,-10.9
2025,Duke,ACC,2.1362617099491175,6.6
2025,East Carolina,American Athletic,-1.960783690470409,8.0
2025,Eastern Michigan,Mid-American,-12.28414582219601,-14.7
2025,Florida,SEC,14.256819235243068,3.5
2025,Florida Atlantic,American Athletic,-14.737837913090189,-8.7
2025,Florida International,Conference USA,-13.571040435857817,-10.5
2025,Florida State,ACC,0.6772233459093675,7.2
2025,Fresno State,Pac-12,-9.391096069173173,1.8
2025,Georgia,SEC,25.047212709116014,24.1
2025,Georgia Southern,Sun Belt,-0.863988041594729,-9.4
2025,Georgia State,Sun Belt,-13.69239857446144,-24.5
2025,Georgia Tech,ACC,3.1151622377935646,9.3
2025,Hawai'i,Mountain West,-13.921918771109809,1.7
2025,Houston,Big 12,-1.1915198326003726,7.4
2025,Illinois,Big Ten,8.309272136512842,12.9
2025,Indiana,Big Ten,7.541369914316055,32.4
2025,Iowa,Big Ten,11.144487907345304,19.7
2025,Iowa State,Big 12,6.886436719789367,9.9
2025,Jacksonville State,Conference USA,-7.996211019810045,-6.7
2025,James Madison,Sun Belt,2.1367061793450732,12.3
2025,Kansas,Big 12,-0.5818476965673098,4.1
2025,Kansas State,Big 12,13.004403133322121,7.0
2025,Kennesaw State,Conference USA,-23.889274577921476,-5.4
2025,Kent State,Mid-American,-25.77992503329804,-19.3
2025,Kentucky,SEC,4.556770491046157,1.8
2025,LSU,SEC,19.16944055560535,10.3
2025,Liberty,Conference USA,-2.8429440915699296,-9.0
2025,Louisiana,Sun Belt,-1.1372977680073482,-10.1
2025,Louisiana Tech,Sun Belt,-11.764621433228811,-1.3
2025,Louisville,ACC,6.594810721915467,12.4
2025,Marshall,Sun Belt,-8.050118922096416,-4.5
2025,Maryland,Big Ten,-3.434013290697189,0.6
2025,Massachusetts,Mid-American,-28.346933182782276,-36.6
2025,Memphis,American Athletic,-0.1388548730805257,7.6
2025,Miami,ACC,13.45670094087738,20.7
2025,Miami (OH),Mid-American,-6.1416068301864035,-3.4
2025,Michigan,Big Ten,15.009220441723237,12.4
2025,Michigan State,Big Ten,-0.5829860629485277,-3.4
2025,Middle Tennessee,Conference USA,-15.950147833051233,-16.0
2025,Minnesota,Big Ten,5.722079832392071,1.5
2025,Mississippi State,SEC,1.2295392918361094,4.1
2025,Missouri,SEC,9.056972797656531,14.4
2025,Missouri State,Conference USA,-3.4992785907953428,-10.7
2025,NC State,ACC,5.8416822658113325,4.8
2025,Navy,American Athletic,1.4097794914708484,6.2
2025,Nebraska,Big Ten,6.118947178065427,6.2
2025,Nevada,Mountain West,-15.982102667617959,-13.4
2025,New Mexico,Mountain West,-27.25013490122817,0.9
2025,New Mexico State,Conference USA,-16.894539800552078,-15.5
2025,North Carolina,ACC,-1.4027796344387453,-6.6
2025,North Texas,American Athletic,-8.591798794842337,13.8
2025,Northern Illinois,Mountain West,-8.475606677874033,-16.7
2025,Northwestern,Big Ten,-9.371044094361324,5.8
2025,Notre Dame,FBS Independents,20.436874228074014,24.4
2025,Ohio,Mid-American,-3.814533904835681,-4.0
2025,Ohio State,Big Ten,27.647106358428335,30.1
2025,Oklahoma,SEC,12.51559199319216,18.3
2025,Oklahoma State,Big 12,-4.503134283771278,-15.1
2025,Old Dominion,Sun Belt,-9.248624379765264,5.9
2025,Ole Miss,SEC,15.933196955058111,24.0
2025,Oregon,Big Ten,21.772601650222043,25.9
2025,Oregon State,Pac-12,-3.3220976139534013,-15.9
2025,Penn State,Big Ten,23.285449080222445,18.1
2025,Pittsburgh,ACC,4.793969016606705,8.4
2025,Purdue,Big Ten,-15.056942483880178,-6.1
2025,Rice,American Athletic,-16.697558976288775,-14.8
2025,Rutgers,Big Ten,5.296853195798592,1.0
2025,SMU,ACC,9.707882675105207,13.4
2025,Sam Houston,Conference USA,-10.756429914288347,-27.8
2025,San Diego State,Pac-12,-15.337446268732986,6.7
2025,San José State,Mountain West,-7.075943882743675,-14.3
2025,South Alabama,Sun Belt,-3.563737509872823,-12.7
2025,South Carolina,SEC,16.855549148328517,5.9
2025,South Florida,American Athletic,-6.129622194060814,11.6
2025,Southern Miss,Sun Belt,-22.388518422134105,-7.1
2025,Stanford,ACC,-9.465076854853823,-11.8
2025,Syracuse,ACC,0.3292321737685494,-13.1
2025,TCU,Big 12,10.795329151599102,8.3
2025,Temple,American Athletic,-19.929514956262185,-5.1
2025,Tennessee,SEC,18.220056139905775,15.0
2025,Texas,SEC,22.940643773747492,16.2
2025,Texas A&M,SEC,18.804073595821066,20.7
2025,Texas State,Pac-12,-2.816192649231273,2.3
2025,Texas Tech,Big 12,5.467068445207243,27.6
2025,Toledo,Mid-American,-0.46783812537004454,6.0
2025,Troy,Sun Belt,-6.8016951442363025,-4.8
2025,Tulane,American Athletic,-0.8097113919551786,6.3
2025,Tulsa,American Athletic,-18.67185284034089,-10.0
2025,UAB,American Athletic,-12.826573567017032,-15.8
2025,UCF,Big 12,-4.969570576489553,-1.2
2025,UCLA,Big Ten,-0.5430720290343469,-8.7
2025,UConn,FBS Independents,-0.5478620785958208,5.1
2025,UL Monroe,Sun Belt,-11.509877305847422,-21.6
2025,UNLV,Mountain West,-2.5815422744885304,4.3
2025,USC,Big Ten,12.056610619915613,16.9
2025,UTEP,Mountain West,-11.996496799788883,-17.5
2025,UTSA,American Athletic,2.580601290258125,3.7
2025,Utah,Big 12,1.3497909757307094,22.2
2025,Utah State,Pac-12,-15.155885398695364,-3.1
2025,Vanderbilt,SEC,5.851853562657938,20.3
2025,Virginia,ACC,-7.128431815493282,11.1
2025,Virginia Tech,ACC,1.892301496398395,-10.1
2025,Wake Forest,ACC,-6.921144219210498,5.7
2025,Washington,Big Ten,4.82729200887198,18.4
2025,Washington State,Pac-12,-5.8147592553206415,3.8
2025,West Virginia,Big 12,-4.036137829301999,-6.8
2025,Western Kentucky,Conference USA,-6.833813727861272,1.6
2025,Western Michigan,Mid-American,-12.614028934213273,-1.4
2025,Wisconsin,Big Ten,3.2149607306834778,-4.4
2025,Wyoming,Mountain West,-8.17689165846333,-11.3
